"rank_population","country_en","country_ru","iso3","population","population_date","population_source","leader_name_en","leader_name_ru","leader_qid","office_title","role_type","salary_local_annual","salary_usd_annual_approx","salary_usd_display","salary_conversion_note","salary_usd_monthly_display","salary_usd_monthly_equivalent","salary_basis","salary_confidence","salary_source_url","salary_source_caveat","portrait_original_file","portrait_3x4_file","portrait_source_url","portrait_license","portrait_author","portrait_attribution","portrait_width","portrait_height","notes"
"1","India","Индия","IND","1417492000","1 Jul 2025","Official projection","Droupadi Murmu","Драупади Мурму","Q19901232","Head of state / president where applicable","head_state","INR 6,000,000/year","70000","$70,000","Monthly equivalent = annual approximate salary divided by 12; benefits and allowances excluded unless salary basis says otherwise.","$5,833","5833","official_local_salary_current_fx_estimate","high","https://www.mha.gov.in/sites/default/files/2022-08/PresidentsActupto2018_09082018%5B1%5D_0.pdf","President salary is INR 5 lakh/month = INR 6,000,000/year; USD converted approximately for June 2026.","","assets/final_portraits_3x4/001_IND_Droupadi-Murmu.jpg","https://commons.wikimedia.org/wiki/File:President_of_India_Droupadi_Murmu_official_portrait_%28cropped%29.jpg","GODL-India","President's Secretariat
","https://presidentofindia.gov.in/president-india-smt-droupadi-murmu","2800","3500",""
"2","People's Republic of China","Китай","CHN","1404890000","31 Dec 2025","Official estimate","Xi Jinping","Си Цзиньпин","Q15031","Head of state / president where applicable","head_state","22,000 USD (Party General Secretary and President)","22000","$22,000","Monthly equivalent = annual approximate salary divided by 12; benefits and allowances excluded unless salary basis says otherwise.","$1,833","1833","aggregate_salary_table_needs_official_confirmation","medium","https://en.wikipedia.org/wiki/List_of_heads_of_state_and_government_salaries","Approximate head-of-state annual salary; broad source has mixed years/exchange rates.","","assets/final_portraits_3x4/002_CHN_Xi-Jinping.jpg","https://commons.wikimedia.org/wiki/File:Xi_Jinping_meets_Keir_Starmer_Jan_2026.jpg","CC BY 4.0","Simon Dawson / No 10 Downing Street","Prime Minister Keir Starmer visits China","1389","1851","FACTCHECK: salary retained as approximate; official/current source not fully verified"
"3","United States","США","USA","341784857","1 Jul 2025","Official estimate","Donald Trump","Дональд Трамп","Q22686","Head of state / president where applicable","head_state","400,000 USD (President)","400000","$400,000","Monthly equivalent = annual approximate salary divided by 12; benefits and allowances excluded unless salary basis says otherwise.","$33,333","33333","local_salary_explicit_usd","medium","https://en.wikipedia.org/wiki/List_of_heads_of_state_and_government_salaries","Approximate head-of-state annual salary; broad source has mixed years/exchange rates.","","assets/final_portraits_3x4/003_USA_Donald-Trump.jpg","https://commons.wikimedia.org/wiki/File:Official_Presidential_Portrait_of_President_Donald_J._Trump_%282025%29_%28cropped%29%282%29.jpg","Public domain","Daniel Torok","White HouseFacebook","1594","2048",""
"4","Indonesia","Индонезия","IDN","288315089","31 Dec 2025","National annual projection","Prabowo Subianto","Прабово Субианто","Q2107268","Head of state / president where applicable","head_state","51,600 USD (President)","51600","$51,600","Monthly equivalent = annual approximate salary divided by 12; benefits and allowances excluded unless salary basis says otherwise.","$4,300","4300","aggregate_salary_table_needs_official_confirmation","medium","https://en.wikipedia.org/wiki/List_of_heads_of_state_and_government_salaries","Approximate head-of-state annual salary; broad source has mixed years/exchange rates.","","assets/final_portraits_3x4/004_IDN_Prabowo-Subianto.jpg","https://commons.wikimedia.org/wiki/File:Prabowo_Subianto_2024_official_portrait.jpg","Public domain","Ministry of State Secretariat","https://drive.google.com/drive/folders/129OfYcB7t4mdOZWutA05Flkij718oIpV","9129","11521","FACTCHECK: salary retained as approximate; official/current source not fully verified"
"5","Pakistan","Пакистан","PAK","241499431","1 Mar 2023","2023 census result","Asif Ali Zardari","Асиф Али Зардари","Q57373","Head of state / president where applicable","head_state","PKR 10,158,600/year","35900","$35,900","Monthly equivalent = annual approximate salary divided by 12; benefits and allowances excluded unless salary basis says otherwise.","$2,992","2992","official_local_salary_current_fx_estimate","high","https://www.pakistancode.gov.pk/pdffiles/administrator5aec1130757e2fbcae3401d26e103d9e.pdf","President salary PKR 846,550/month; USD converted approximately for June 2026.","","assets/final_portraits_3x4/005_PAK_Asif-Ali-Zardari.jpg","http://commons.wikimedia.org/wiki/Special:FilePath/Asif%20Ali%20Zardari%20-%202024%20%28cropped%202%29.jpg","CC BY 4.0","



Press Service of the President of the Republic of Azerbaijan
","State reception on behalf of President of Pakistan was hosted in honor of President of Azerbaijan","","",""
"6","Nigeria","Нигерия","NGA","223800000","1 Jul 2023","Official projection","Bola Ahmed Tinubu","Бола Тинубу","Q3510872","Head of state / president where applicable","head_state","NGN 14,058,820/year","9200","$9,200","Monthly equivalent = annual approximate salary divided by 12; benefits and allowances excluded unless salary basis says otherwise.","$767","767","official_remuneration_package_current_fx_estimate","high","https://rmafc.gov.ng/wp-content/uploads/2020/01/Remuneration-Package-for-Political-and-Judicial-Office-Holders-.pdf","RMAFC salary package NGN 14,058,820/year; USD converted approximately for June 2026.","","assets/final_portraits_3x4/006_NGA_Bola-Ahmed-Tinubu.jpg","https://commons.wikimedia.org/wiki/File:Bola_Tinubu_portrait.jpg","CC BY-SA 4.0","Nosa Asemota ","Own work","1687","2109",""
"7","Brazil","Бразилия","BRA","213421037","1 Jul 2025","Official estimate","Luiz Inácio Lula da Silva","Луис Инасиу Лула да Силва","Q37181","Head of state / president where applicable","head_state","102,524 USD (President, 2019)","102524","$102,524","Monthly equivalent = annual approximate salary divided by 12; benefits and allowances excluded unless salary basis says otherwise.","$8,544","8544","aggregate_salary_table_needs_official_confirmation","medium","https://en.wikipedia.org/wiki/List_of_heads_of_state_and_government_salaries","Approximate head-of-state annual salary; broad source has mixed years/exchange rates.","","assets/final_portraits_3x4/007_BRA_Luiz-Inácio-Lula-da-Silva.jpg","http://commons.wikimedia.org/wiki/Special:FilePath/Foto%20oficial%20de%20Luiz%20In%C3%A1cio%20Lula%20da%20Silva%20%28estreita%29.jpg","CC BY 2.0","Palácio do Planalto from Brasilia, Brasil","Foto Oficial do Presidente da República, Luiz Inácio Lula da Silva","","","FACTCHECK: salary retained as approximate; official/current source not fully verified"
"8","Bangladesh","Бангладеш","BGD","169828911","14 Jun 2022","2022 census result","Mohammad Shahabuddin","Шахабуддин Чуппу","Q116763154","Head of state / president where applicable","head_state","BDT 1,440,000/year","11800","$11,800","Monthly equivalent = annual approximate salary divided by 12; benefits and allowances excluded unless salary basis says otherwise.","$983","983","official_local_salary_current_fx_estimate","high","https://laws.sayed.app/laws/act-487","President salary Tk 120,000/month = Tk 1,440,000/year; USD converted approximately for June 2026.","","assets/final_portraits_3x4/008_BGD_Mohammad-Shahabuddin.jpg","https://commons.wikimedia.org/wiki/File:Mohammed_Shahabuddin_official_portrait.jpg","Public domain","Press Information Department
","রাষ্ট্রপতির জীবনবৃত্তান্ত","1227","1600",""
"9","Russia","Россия","RUS","146028325","1 Jan 2025","Official estimate","Vladimir Putin","Владимир Владимирович Путин","Q7747","Head of state / president where applicable","head_state","136,000 USD (President)","136000","$136,000","Monthly equivalent = annual approximate salary divided by 12; benefits and allowances excluded unless salary basis says otherwise.","$11,333","11333","aggregate_salary_table_needs_official_confirmation","medium","https://en.wikipedia.org/wiki/List_of_heads_of_state_and_government_salaries","Approximate head-of-state annual salary; broad source has mixed years/exchange rates.","","assets/final_portraits_3x4/009_RUS_Vladimir-Putin.jpg","https://commons.wikimedia.org/wiki/File:%D0%92%D0%BB%D0%B0%D0%B4%D0%B8%D0%BC%D0%B8%D1%80_%D0%9F%D1%83%D1%82%D0%B8%D0%BD_%2808-03-2024%29_%28cropped%29_%28higher_res%29_2.jpg","CC BY 4.0","Пресс-служба Президента РФ","https://www.thetimes.com/world/europe/article/emmanuel-macron-rebrands-himself-as-anti-russia-hawk-to-german-fury-dlplhbbzs (indirectly, this is identical in framing, slightly different color, higher res)","1559","2078","FACTCHECK: salary retained as approximate; official/current source not fully verified"
"10","Mexico","Мексика","MEX","131150866","31 Mar 2026","National quarterly estimate","Claudia Sheinbaum","Клаудия Шейнбаум","Q5771800","Head of state / president where applicable","head_state","MXN 193,706/month","123600","$123,600","Monthly equivalent = annual approximate salary divided by 12; benefits and allowances excluded unless salary basis says otherwise.","$10,300","10300","reported_official_salary_current_fx_estimate","medium","https://mexiconewsdaily.com/politics/how-much-do-mexicos-elected-officials-really-earn/","Reported 2025 gross salary about MXN 193,706/month; USD converted approximately for June 2026.","","assets/final_portraits_3x4/010_MEX_Claudia-Sheinbaum.jpg","https://commons.wikimedia.org/wiki/File:Claudia_Sheinbaum_en_su_conferencia_matutina_%28cropped%29.jpg","CC BY 2.0","Eneas De Troya","https://www.flickr.com/photos/eneas/54070528525/","2845","3790",""
"11","Japan","Япония","JPN","122810000","1 May 2026","Monthly national estimate","Naruhito","Нарухито","Q217096","Monarch / head of state; no president","head_state","production estimate, USD monthly equivalent","210000","$210,000","Not used: source appears to describe royal grant/privy purse/allowance or an unverified outlier, not personal monthly salary.","$17,500","17500","imperial_household_allowance_equivalent_estimate","estimated","https://en.wikipedia.org/wiki/List_of_heads_of_state_and_government_salaries","Production estimate based on public imperial household/private allowance scale; not a conventional salary.","","assets/final_portraits_3x4/011_JPN_Naruhito.jpg","http://commons.wikimedia.org/wiki/Special:FilePath/Emperor%20Naruhito%2020250611%20%2854582524056%2C%20cropped%29.jpg","","","","","","FACTCHECK: monarchy/royal allocation is not treated as president salary | PRODUCTION_FILL: no N/A; realistic display estimate, not fully verified official payroll"
"12","Philippines","Филиппины","PHL","114123600","1 Jul 2025","Official projection","Bongbong Marcos","Фердинанд Маркос-младший","Q983324","Head of state / president where applicable","head_state","95,554 USD (President)","95554","$95,554","Monthly equivalent = annual approximate salary divided by 12; benefits and allowances excluded unless salary basis says otherwise.","$7,963","7963","aggregate_salary_table_needs_official_confirmation","medium","https://en.wikipedia.org/wiki/List_of_heads_of_state_and_government_salaries","Approximate head-of-state annual salary; broad source has mixed years/exchange rates.","","assets/final_portraits_3x4/012_PHL_Bongbong-Marcos.jpg","http://commons.wikimedia.org/wiki/Special:FilePath/Portrait%20of%20President%20Ferdinand%20R.%20Marcos%2C%20Jr%20%28cropped%29.jpg","","","","","","FACTCHECK: salary retained as approximate; official/current source not fully verified"
"13","Democratic Republic of the Congo","Демократическая Республика Конго","COD","112832000","1 Jul 2025","UN projection","Félix Tshisekedi","Феликс Чисекеди","Q29032770","Head of state / president where applicable","head_state","324,000,000 CDF / 129,600 USD (President, reported 2024 budget)","129600","$129,600","Monthly equivalent = annual approximate salary divided by 12; benefits and allowances excluded unless salary basis says otherwise.","$10,800","10800","manual_reported_budget_media_source","low","https://kt.cd/2024/03/07/en-rdc-le-president-felix-tshisekedi-touche-un-salaire-annuel-de-129-600-usd/","Reported media/budget figure; treat as approximate.","","assets/final_portraits_3x4/013_COD_Félix-Tshisekedi.jpg","http://commons.wikimedia.org/wiki/Special:FilePath/Felix%20Tshisekedi%2C%20President%20of%20the%20Democratic%20Republic%20of%20the%20Congo%20%2855078564106%29%20%28cropped%29.jpg","","","","","","FACTCHECK: salary retained as approximate; official/current source not fully verified"
"14","Ethiopia","Эфиопия","ETH","111652998","1 Jul 2025","National annual projection","Taye Atske Selassie","Тайе Ацке-Селассие","Q124831090","Head of state / president where applicable","head_state","45,270 USD (President)","45270","$45,270","Monthly equivalent = annual approximate salary divided by 12; benefits and allowances excluded unless salary basis says otherwise.","$3,772","3772","aggregate_salary_table_needs_official_confirmation","low","https://en.wikipedia.org/wiki/List_of_heads_of_state_and_government_salaries","Approximate head-of-state annual salary; broad source has mixed years/exchange rates.","","assets/final_portraits_3x4/014_ETH_Taye-Atske-Selassie.jpg","http://commons.wikimedia.org/wiki/Special:FilePath/Taye%20Atske%20Selassie%20MFA%20Portrait.jpg","Public domain","Ministry of Foreign Affairs of Ethiopia","[1]","","","FACTCHECK: salary retained as approximate; official/current source not fully verified"
"15","Egypt","Египет","EGY","108613296","1 Jan 2026","Official estimate","Abdel Fattah el-Sisi","Абдель Фаттах Халиль ас-Сиси","Q307871","Head of state / president where applicable","head_state","EGP 42,000/month","10080","$10,080","Monthly equivalent = annual approximate salary divided by 12; benefits and allowances excluded unless salary basis says otherwise.","$840","840","reported_legal_salary_current_fx_estimate","medium","https://www.egypt-business.com/news/details/1420-egypt-president-salary-to-be-raised-to-egp42000/9080","Egyptian salary law/reporting points to EGP 42,000/month; USD converted approximately.","","assets/final_portraits_3x4/015_EGY_Abdel-Fattah-el-Sisi.jpg","http://commons.wikimedia.org/wiki/Special:FilePath/AbdelFattah%20Elsisi%20%28cropped%29.jpg","CC BY 4.0","Ministry of Communications and Information Technology in Egypt","Own work","","",""
"16","Vietnam","Вьетнам","VNM","102300000","31 Dec 2025","Official estimate","Tô Lâm","То Лам","Q10831196","Head of state / president where applicable","head_state","11,103 USD (President)","11103","$11,103","Monthly equivalent = annual approximate salary divided by 12; benefits and allowances excluded unless salary basis says otherwise.","$925","925","aggregate_salary_table_needs_official_confirmation","medium","https://en.wikipedia.org/wiki/List_of_heads_of_state_and_government_salaries","Approximate head-of-state annual salary; broad source has mixed years/exchange rates.","","assets/final_portraits_3x4/016_VNM_Tô-Lâm.jpg","http://commons.wikimedia.org/wiki/Special:FilePath/To%20Lam%20May%202025.jpg","CC BY-SA 3.0","Stanislav Krasilnikov","https://riamediabank.ru/media/8922117.html","","","FACTCHECK: salary retained as approximate; official/current source not fully verified"
"17","Iran","????","IRN","87134000","21 Mar 2026","Official estimate","Mojtaba Khamenei","???????? ???????","Q2919350","Supreme Leader / head of state","head_state","production estimate, USD monthly equivalent","18000","$18,000","Not publicly disclosed.","$1,500","1500","supreme_leader_compensation_estimate","estimated","https://en.wikipedia.org/wiki/List_of_heads_of_state_and_government_salaries","Production estimate for Iran head of state. Exact compensation is not publicly disclosed; previous row used President Masoud Pezeshkian, not the head of state.","","assets/final_portraits_3x4/017_IRN_Mojtaba-Khamenei.jpg","https://commons.wikimedia.org/wiki/File:Ayatollah_Sayyid_Mojtaba_Khamenei,_10_April_2026_(cropped).jpg","CC BY 4.0 / see Commons","Khamenei.ir / Wikimedia Commons","Mojtaba Khamenei, Supreme Leader of Iran, cropped/resized","1200","1600","FACTCHECK: Iran: kept President Masoud Pezeshkian for president-focused video; supreme leader is head of state, so salary is not comparable. | PRODUCTION_FILL: no N/A; realistic display estimate, not fully verified official payroll | HEAD_OF_STATE_RECHECK: corrected from President Masoud Pezeshkian to Supreme Leader Mojtaba Khamenei for head-of-state rule"
"18","Turkey","Турция","TUR","86092168","31 Dec 2025","Official estimate","Recep Tayyip Erdoğan","Реджеп Таййип Эрдоган","Q39259","Head of state / president where applicable","head_state","~US$70,000 (President)","70000","$70,000","Monthly equivalent = annual approximate salary divided by 12; benefits and allowances excluded unless salary basis says otherwise.","$5,833","5833","aggregate_salary_table_needs_official_confirmation","medium","https://en.wikipedia.org/wiki/List_of_heads_of_state_and_government_salaries","Approximate head-of-state annual salary; broad source has mixed years/exchange rates.","","assets/final_portraits_3x4/018_TUR_Recep-Tayyip-Erdoğan.jpg","http://commons.wikimedia.org/wiki/Special:FilePath/Recep%20Tayyip%20Erdogan%20in%20Ukraine.jpg","CC BY 4.0","PRESIDENT OF UKRAINE  VOLODYMYR ZELENSKYY Official website","https://www.president.gov.ua/photos/robocha-poyizdka-prezidenta-ukrayini-na-lvivshinu-4861","","","FACTCHECK: salary retained as approximate; official/current source not fully verified"
"19","Germany","Германия","DEU","83497147","30 Sep 2025","National quarterly estimate","Frank-Walter Steinmeier","Франк-Вальтер Штайнмайер","Q76658","Head of state / president where applicable","head_state","€369,500 (President)","413600","$413,600","Monthly equivalent = annual approximate salary divided by 12; benefits and allowances excluded unless salary basis says otherwise.","$34,467","34467","verified_usd_column_from_salary_table","medium","https://en.wikipedia.org/wiki/List_of_heads_of_state_and_government_salaries","Approximate head-of-state annual salary; broad source has mixed years/exchange rates.","","assets/final_portraits_3x4/019_DEU_Frank-Walter-Steinmeier.jpg","http://commons.wikimedia.org/wiki/Special:FilePath/Frank-Walter%20Steinmeier%20in%202025%20%28cropped%29.jpg","CC BY 4.0","



Press Service of the President of the Republic of Azerbaijan
","Presidents of Azerbaijan and Germany attended concert at Heydar Aliyev Center","","","FACTCHECK: salary retained as approximate; official/current source not fully verified"
"20","United Kingdom","Великобритания","GBR","69487000","30 Jun 2025","Official estimate","Charles III","Карл III","Q43274","Monarch / head of state; no president","head_state","production estimate, USD monthly equivalent","1200000","$1,200,000","Not publicly disclosed.","$100,000","100000","monarch_public_funding_equivalent_estimate","estimated","https://en.wikipedia.org/wiki/List_of_heads_of_state_and_government_salaries","Production display estimate for monarch official compensation/funding equivalent; not a statutory personal salary.","","assets/final_portraits_3x4/020_GBR_Charles-III.jpg","https://commons.wikimedia.org/wiki/File:King_Charles_III_%28July_2023%29.jpg","Public domain","White House
","https://twitter.com/POTUS/status/1678465366501064705","727","1025","FACTCHECK: monarchy/royal allocation is not treated as president salary | PRODUCTION_FILL: no N/A; realistic display estimate, not fully verified official payroll"
"21","France","Франция","FRA","69081996","1 Jan 2026","Yearly national estimate","Emmanuel Macron","Эмманюэль Макрон","Q3052772","Head of state / president where applicable","head_state","194,300 USD (President)","194300","$194,300","Monthly equivalent = annual approximate salary divided by 12; benefits and allowances excluded unless salary basis says otherwise.","$16,192","16192","aggregate_salary_table_needs_official_confirmation","medium","https://en.wikipedia.org/wiki/List_of_heads_of_state_and_government_salaries","Approximate head-of-state annual salary; broad source has mixed years/exchange rates.","","assets/final_portraits_3x4/021_FRA_Emmanuel-Macron.jpg","https://commons.wikimedia.org/wiki/File:Emmanuel_Macron_2025_%28cropped%29.jpg","Public domain","Nebojša Tejić","https://www.flickr.com/photos/141163381@N04/54869784798/","1515","2096","FACTCHECK: salary retained as approximate; official/current source not fully verified"
"22","Tanzania","Танзания","TZA","68153004","1 Jul 2025","Official projection","Samia Suluhu Hassan","Самия Хасан Сулуху","Q16193885","Head of state / president where applicable","head_state","47,300 USD (President)","47300","$47,300","Monthly equivalent = annual approximate salary divided by 12; benefits and allowances excluded unless salary basis says otherwise.","$3,942","3942","aggregate_salary_table_needs_official_confirmation","low","https://en.wikipedia.org/wiki/List_of_heads_of_state_and_government_salaries","Approximate head-of-state annual salary; broad source has mixed years/exchange rates.","","assets/final_portraits_3x4/022_TZA_Samia-Suluhu-Hassan.jpg","https://commons.wikimedia.org/wiki/File:International_leaders_sign_joint_statement_at_COP26_%2851649202102%29_%28Suluhu_crop%29.jpg","CC BY 2.0","Scottish Government","International leaders sign joint statement at COP26","1456","1862","FACTCHECK: salary retained as approximate; official/current source not fully verified"
"23","Thailand","Таиланд","THA","65826149","30 Nov 2025","Monthly national estimate","Vajiralongkorn","Маха Вачиралонгкорн","Q548733","Monarch / head of state; no president","head_state","production estimate, USD monthly equivalent","720000","$720,000","Not publicly disclosed.","$60,000","60000","royal_public_funding_equivalent_estimate","estimated","https://en.wikipedia.org/wiki/List_of_heads_of_state_and_government_salaries","Production estimate for royal official support/allowance; not a conventional salary.","","assets/final_portraits_3x4/023_THA_Vajiralongkorn.jpg","https://commons.wikimedia.org/wiki/File:King_Rama_X_official_%28crop%29.png","CC BY 3.0 th","The Public Relations Department (กรมประชาสัมพันธ์)","https://oer.learn.in.th/search_detail/result/49360","1547","1888","FACTCHECK: monarchy/royal allocation is not treated as president salary | PRODUCTION_FILL: no N/A; realistic display estimate, not fully verified official payroll"
"24","South Africa","ЮАР","ZAF","63100945","30 Jun 2025","Official estimate","Cyril Ramaphosa","Сирил Рамафоса","Q1148669","Head of state / president where applicable","head_state","ZAR 3,340,000/year","180500","$180,500","Monthly equivalent = annual approximate salary divided by 12; benefits and allowances excluded unless salary basis says otherwise.","$15,042","15042","official_remuneration_current_fx_estimate","high","https://www.remcommission.gov.za/library/determinations","South African official remuneration about ZAR 3.34m/year; USD converted approximately.","","assets/final_portraits_3x4/024_ZAF_Cyril-Ramaphosa.jpg","https://commons.wikimedia.org/wiki/File:21.11.2025_%E2%80%93_Presidente_da_Rep%C3%BAblica_da_%C3%81frica_do_Sul%2C_Cyril_Ramaphosa_%2854938010569%29_%28cropped%29.jpg","CC BY 4.0","Ricardo Stuckert","21.11.2025 – Reunião bilateral com o Presidente da República da África do Sul, Cyril Ramaphosa","1120","1492",""
"25","Italy","Италия","ITA","58932330","28 Feb 2026","Monthly national estimate","Sergio Mattarella","Серджо Маттарелла","Q3956186","Head of state / president where applicable","head_state","275,147 USD (President)","275147","$275,147","Monthly equivalent = annual approximate salary divided by 12; benefits and allowances excluded unless salary basis says otherwise.","$22,929","22929","aggregate_salary_table_needs_official_confirmation","medium","https://en.wikipedia.org/wiki/List_of_heads_of_state_and_government_salaries","Approximate head-of-state annual salary; broad source has mixed years/exchange rates.","","assets/final_portraits_3x4/025_ITA_Sergio-Mattarella.jpg","http://commons.wikimedia.org/wiki/Special:FilePath/Sergio%20Mattarella%20Presidente%20della%20Repubblica%20Italiana.jpg","Attribution","Unknown authorUnknown author","Quirinale - Biografia (https://www.quirinale.it)","","","FACTCHECK: salary retained as approximate; official/current source not fully verified"
"26","Kenya","Кения","KEN","53330978","1 Jul 2025","Official projection","William Ruto","Уильям Руто","Q195725","Head of state / president where applicable","head_state","KES 17,325,000/year","133800","$133,800","Monthly equivalent = annual approximate salary divided by 12; benefits and allowances excluded unless salary basis says otherwise.","$11,150","11150","official_remuneration_current_fx_estimate","high","https://www.src.go.ke/","Kenya SRC salary KES 1,443,750/month; USD converted approximately.","","assets/final_portraits_3x4/026_KEN_William-Ruto.jpg","https://commons.wikimedia.org/wiki/File:William_Ruto_2023_%28cropped%29.jpg","Attribution","Presidenza della Repubblica","https://www.quirinale.it/elementi/80599","625","867",""
"27","Colombia","Колумбия","COL","53057212","1 Jan 2025","Official projection","Gustavo Petro","Густаво Петро","Q704022","Head of state / president where applicable","head_state","134,676 USD (President)","134676","$134,676","Monthly equivalent = annual approximate salary divided by 12; benefits and allowances excluded unless salary basis says otherwise.","$11,223","11223","aggregate_salary_table_needs_official_confirmation","medium","https://en.wikipedia.org/wiki/List_of_heads_of_state_and_government_salaries","Approximate head-of-state annual salary; broad source has mixed years/exchange rates.","","assets/final_portraits_3x4/027_COL_Gustavo-Petro.jpg","https://commons.wikimedia.org/wiki/File:Gustavo_Petro_2022.jpg","CC BY 2.0","Departamento Nacional de Planeación","File:Foto Oficial Presidente Gustavo Petro (52274966005).jpg","863","1117","FACTCHECK: salary retained as approximate; official/current source not fully verified"
"28","Sudan","Судан","SDN","51662000","1 Jul 2025","UN projection","Abdel Fattah al-Burhan","Абдель Фаттах аль-Бурхан","Q63111184","Chair, Transitional Sovereignty Council / de facto head of state","head_state","29,320 USD (President)","29320","$29,320","Monthly equivalent = annual approximate salary divided by 12; benefits and allowances excluded unless salary basis says otherwise.","$2,443","2443","aggregate_salary_table_needs_official_confirmation","low","https://en.wikipedia.org/wiki/List_of_heads_of_state_and_government_salaries","Approximate head-of-state annual salary; broad source has mixed years/exchange rates.","","assets/final_portraits_3x4/028_SDN_Abdel-Fattah-al-Burhan.jpg","https://commons.wikimedia.org/wiki/File:Abdel_Fattah_al-Burhan_in_April_2025_%28cropped%29.jpg","CC BY 4.0","



Press Service of the President of the Republic of Azerbaijan
","Ilham Aliyev met with President of Transitional Sovereignty Council of Sudan in Antalya","423","564","FACTCHECK: Sudan: de facto head of state / Sovereignty Council chair; salary weak. | FACTCHECK: salary retained as approximate; official/current source not fully verified"
"29","Myanmar","Мьянма","MMR","51375327","15 Oct 2024","2024 census result","Min Aung Hlaing","???????????????","Q3331362","President; military-backed government, disputed legitimacy","de_facto_president_disputed","production estimate, USD monthly equivalent","36000","$36,000","Monthly equivalent = annual approximate salary divided by 12; benefits and allowances excluded unless salary basis says otherwise.","$3,000","3000","de_facto_leader_salary_estimate","estimated","https://en.wikipedia.org/wiki/List_of_heads_of_state_and_government_salaries","Production estimate; current military-backed president salary is not reliably public.","","assets/final_portraits_3x4/029_MMR_Min-Aung-Hlaing.jpg","https://commons.wikimedia.org/wiki/File:Senior_General_Min_Aung_Hlaing_2017_(cropped).jpg","see_source","see_source","see source URL","1200","1600","FACTCHECK: CIA/AP/Xinhua current 2026 president; salary not reliably public | FACTCHECK: Current 2026 president changed; personal salary not reliably public. | PRODUCTION_FILL: no N/A; realistic display estimate, not fully verified official payroll"
"30","South Korea","Республика Корея","KOR","51111158","31 Jan 2026","Monthly national estimate","Lee Jae Myung","Ли Чжэ Мён","Q12612463","Head of state / president where applicable","head_state","211,320 USD (President)","211320","$211,320","Monthly equivalent = annual approximate salary divided by 12; benefits and allowances excluded unless salary basis says otherwise.","$17,610","17610","aggregate_salary_table_needs_official_confirmation","medium","https://en.wikipedia.org/wiki/List_of_heads_of_state_and_government_salaries","Approximate head-of-state annual salary; broad source has mixed years/exchange rates.","","assets/final_portraits_3x4/030_KOR_Lee-Jae-Myung.jpg","http://commons.wikimedia.org/wiki/Special:FilePath/President%20Lee%20Jae-myung%202025%20%28cropped%29.jpg","CC BY-SA 2.0","Republic of  Korea from Seoul, Republic of Korea","This image has been extracted from another file","","","FACTCHECK: salary retained as approximate; official/current source not fully verified"
"31","Spain","Испания","ESP","49687120","1 Apr 2026","National quarterly estimate","Felipe VI of Spain","Филипп VI","Q191045","King / head of state; no president","head_state","production estimate, USD monthly equivalent","312000","$312,000","Not used: source appears to describe royal grant/privy purse/allowance or an unverified outlier, not personal monthly salary.","$26,000","26000","royal_remuneration_estimate","estimated","https://en.wikipedia.org/wiki/List_of_heads_of_state_and_government_salaries","Production estimate from reported Spanish royal remuneration scale, rounded to USD/month.","","assets/final_portraits_3x4/031_ESP_Felipe-VI-of-Spain.jpg","http://commons.wikimedia.org/wiki/Special:FilePath/Daiga%20Mieri%C5%86a%20tiekas%20ar%20Sp%C4%81nijas%20karali%20-%2053814974005%20%28cropped%29.jpg","Public domain","Foto: Nebojša Tejić/STA","Obisk španskega predsednika vlade v Sloveniji, Vlada Republike Slovenije from Ljubljana, Slovenia","","","FACTCHECK: monarchy/royal allocation is not treated as president salary | PRODUCTION_FILL: no N/A; realistic display estimate, not fully verified official payroll"
"32","Algeria","Алжир","DZA","47400000","1 Jan 2025","National annual projection","Abdelmadjid Tebboune","Абдельмаджид Теббун","Q2821166","Head of state / president where applicable","head_state","د.ج 8,400,000 (President)","70000","$70,000","Monthly equivalent = annual approximate salary divided by 12; benefits and allowances excluded unless salary basis says otherwise.","$5,833","5833","verified_usd_column_from_salary_table","medium","https://en.wikipedia.org/wiki/List_of_heads_of_state_and_government_salaries","Approximate head-of-state annual salary; broad source has mixed years/exchange rates.","","assets/final_portraits_3x4/032_DZA_Abdelmadjid-Tebboune.jpg","http://commons.wikimedia.org/wiki/Special:FilePath/Abdelmadjid%20Tebboune%20%282023%29%20%28cropped%29.jpg","CC BY 4.0","State Duma of the Russian Federation","duma.gov.ru","","","FACTCHECK: salary retained as approximate; official/current source not fully verified"
"33","Argentina","Аргентина","ARG","46387098","1 Jul 2025","National annual projection","Javier Milei","Хавьер Милей","Q52395487","Head of state / president where applicable","head_state","ARS 4,066,018/month","41400","$41,400","Monthly equivalent = annual approximate salary divided by 12; benefits and allowances excluded unless salary basis says otherwise.","$3,450","3450","reported_official_salary_current_fx_estimate","high","https://www.lanacion.com.ar/politica/cuanto-cobra-de-sueldo-el-presidente-de-la-nacion-nid30122025/","2025 reports put gross salary around ARS 4,066,018/month; USD converted approximately. Corrects AR$ parsing bug.","","assets/final_portraits_3x4/033_ARG_Javier-Milei.jpg","http://commons.wikimedia.org/wiki/Special:FilePath/Mattarella%20Milei%202024%20%28cropped%29.jpg","Attribution","Quirinale","https://www.quirinale.it/elementi/107350","","",""
"34","Iraq","Ирак","IRQ","46118793","21 Nov 2024","2024 census result","Nizar Amedi","???? ?????","Q6496078","President","president","production estimate, USD monthly equivalent","144000","$144,000","Monthly equivalent = annual approximate salary divided by 12; benefits and allowances excluded unless salary basis says otherwise.","$12,000","12000","presidential_salary_estimate","estimated","https://en.wikipedia.org/wiki/List_of_heads_of_state_and_government_salaries","Production estimate for current president; previous high aggregate value suppressed as unrealistic.","","assets/final_portraits_3x4/034_IRQ_Nizar-Amedi.jpg","https://www.kurdistan24.net/en/story/907256/puk-candidate-nizar-amedi-elected-president-of-iraq-in-parliamentary-vote","see_source","see_source","see source URL","1200","1600","FACTCHECK: CIA and April 2026 parliamentary election reports; prior Abdul Latif Rashid row was stale | FACTCHECK: Current 2026 president changed; prior $809,673 salary is not verified for current president. | PRODUCTION_FILL: no N/A; realistic display estimate, not fully verified official payroll"
"35","Uganda","Уганда","UGA","45905417","10 May 2024","2024 census result","Yoweri Museveni","Йовери Кагута Мусевени","Q57274","Head of state / president where applicable","head_state","UGX 43,200,000/year","11700","$11,700","Monthly equivalent = annual approximate salary divided by 12; benefits and allowances excluded unless salary basis says otherwise.","$975","975","reported_local_salary_current_fx_estimate","medium","https://en.wikipedia.org/wiki/List_of_heads_of_state_and_government_salaries","Reported UGX 3.6m/month; USD converted approximately. Previous USD salary was a major aggregate-source error.","","assets/final_portraits_3x4/035_UGA_Yoweri-Museveni.jpg","http://commons.wikimedia.org/wiki/Special:FilePath/Yoweri%20Museveni%20September%202015.jpg","Public domain","U.S. Department of State","https://www.flickr.com/photos/statephotos/21149349393/","","",""
"36","Afghanistan","Афганистан","AFG","43844000","1 Jul 2025","UN projection (see note)","Hibatullah Akhundzada","Хайбатулла Ахундзада","Q24237654","Head of state / president where applicable","head_state","؋2,745,000 (Leader)","36030","$36,030","Monthly equivalent = annual approximate salary divided by 12; benefits and allowances excluded unless salary basis says otherwise.","$3,002","3002","verified_usd_column_from_salary_table","medium","https://en.wikipedia.org/wiki/List_of_heads_of_state_and_government_salaries","Approximate head-of-state annual salary; broad source has mixed years/exchange rates.","","assets/final_portraits_3x4/036_AFG_Hibatullah-Akhundzada.jpg","https://commons.wikimedia.org/wiki/File:Hasan_Akhund.png","CC BY 3.0","Uranus TV Kunduz","https://www.youtube.com/watch?v=S7WtOT6aZUU&amp;t=3s","","","FACTCHECK: salary retained as approximate; official/current source not fully verified"
"37","Canada","Канада","CAN","41472081","1 Jan 2026","National quarterly estimate","Louise Arbour","Louise Arbour","Q456315","Governor General of Canada / representative of the monarch","representative_head_state","production estimate, USD monthly equivalent","288000","$288,000","Monthly equivalent = annual approximate salary divided by 12; benefits and allowances excluded unless salary basis says otherwise.","$24,000","24000","governor_general_equivalent_estimate","estimated","https://www.tvanouvelles.ca/2026/01/29/la-remuneration-de-la-gouverneure-generale-atteint-desormais-393-800","Canada is a constitutional monarchy; display uses the Governor General remuneration as representative head-of-state compensation equivalent. Louise Arbour installed 8 June 2026.","014_CAN_Louise-Arbour.jpg","014_CAN_Louise-Arbour.jpg","https://www.gg.ca/en/governor-general/governor-general-louise-arbour","Government of Canada public web asset","Office of the Secretary to the Governor General of Canada","Office of the Secretary to the Governor General of Canada","5058","6322","FACTCHECK 2026-06-09: replaced Charles III with Louise Arbour because salary basis is governor-general equivalent."
"38","Angola","Ангола","AGO","38778554","1 Jan 2026","National Estimate","João Lourenço","Жоау Лоуренсу","Q28650390","Head of state / president where applicable","head_state","AOA 7,681,200/year","8400","$8,400","Monthly equivalent = annual approximate salary divided by 12; benefits and allowances excluded unless salary basis says otherwise.","$700","700","local_salary_current_fx_estimate","medium","https://en.wikipedia.org/wiki/List_of_heads_of_state_and_government_salaries","Kz 7,681,200/year retained but converted with current approximate FX; old USD table was stale.","","assets/final_portraits_3x4/038_AGO_João-Lourenço.jpg","http://commons.wikimedia.org/wiki/Special:FilePath/President%20of%20Angola%20Jo%C3%A3o%20Louren%C3%A7o%20during%20a%20bilateral%20exchange%20at%20the%20Angola%20presidential%20palace%20in%20Luanda%2C%20Angola%2C%20September%2027%2C%202023%20-%20230927-D-PM193-1914%20%28cropped%29.jpg","Public domain","U.S. Secretary of Defense","https://www.flickr.com/photos/68842444@N03/53218396344/","","",""
"39","Uzbekistan","Узбекистан","UZB","38382685","1 Apr 2026","Official estimate","Shavkat Mirziyoyev","Шавкат Миромонович Мирзиёев","Q57808","Head of state / president where applicable","head_state","15,600 USD (President)","15600","$15,600","Monthly equivalent = annual approximate salary divided by 12; benefits and allowances excluded unless salary basis says otherwise.","$1,300","1300","aggregate_salary_table_needs_official_confirmation","medium","https://en.wikipedia.org/wiki/List_of_heads_of_state_and_government_salaries","Approximate head-of-state annual salary; broad source has mixed years/exchange rates.","","assets/final_portraits_3x4/039_UZB_Shavkat-Mirziyoyev.jpg","http://commons.wikimedia.org/wiki/Special:FilePath/Shavkat%20Mirziyoyev%20official%20portrait%20%28cropped%202%29.jpg","CC BY-SA 4.0","Press Service of the President of the Republic of Uzbekistan","Source confirming the publication: Official Facebook page of the President Shavkat MirziyoyevSupporting source: Official biography page of the President","","","FACTCHECK: salary retained as approximate; official/current source not fully verified"
"40","Poland","Польша","POL","37281000","31 Mar 2026","Monthly national estimate","Karol Nawrocki","Кароль Тадеуш Навроцкий","Q17704749","Head of state / president where applicable","head_state","70,026 USD (President)","70026","$70,026","Monthly equivalent = annual approximate salary divided by 12; benefits and allowances excluded unless salary basis says otherwise.","$5,836","5836","aggregate_salary_table_needs_official_confirmation","medium","https://en.wikipedia.org/wiki/List_of_heads_of_state_and_government_salaries","Approximate head-of-state annual salary; broad source has mixed years/exchange rates.","","assets/final_portraits_3x4/040_POL_Karol-Nawrocki.jpg","http://commons.wikimedia.org/wiki/Special:FilePath/Karol%20Nawrocki%20%282025%29%20%28cropped%29.jpg","Public domain","The White House","https://www.flickr.com/photos/202101414@N05/54765502564/","","","FACTCHECK: salary retained as approximate; official/current source not fully verified"
"41","Morocco","Марокко","MAR","36828330","1 Sep 2024","2024 census result","Mohammed VI of Morocco","Мухаммед VI","Q57553","Monarch / head of state; no president","head_state","production estimate, USD monthly equivalent","488400","$488,400","Monthly equivalent = annual approximate salary divided by 12; benefits and allowances excluded unless salary basis says otherwise.","$40,700","40700","royal_allowance_estimate","estimated","https://en.wikipedia.org/wiki/List_of_heads_of_state_and_government_salaries","Production estimate from public salary/allowance tables; royal budget may not equal personal salary.","","assets/final_portraits_3x4/041_MAR_Mohammed-VI-of-Morocco.jpg","https://commons.wikimedia.org/wiki/File:King_Mohammed_VI_%28cropped%29.jpg","CC BY 2.0","UN Climate Change","Flickr","2060","2972","FACTCHECK: monarchy/royal allocation is not treated as president salary | PRODUCTION_FILL: no N/A; realistic display estimate, not fully verified official payroll"
"42","Saudi Arabia","Саудовская Аравия","SAU","35300280","1 Jul 2024","Official estimate","Salman bin Abdulaziz Al Saud","Салман ибн Абдул-Азиз Аль Сауд","Q367825","Monarch / head of state; no president","head_state","production estimate, USD monthly equivalent","1200000","$1,200,000","Not used: source appears to describe royal grant/privy purse/allowance or an unverified outlier, not personal monthly salary.","$100,000","100000","royal_compensation_estimate","estimated","https://en.wikipedia.org/wiki/List_of_heads_of_state_and_government_salaries","Production estimate for royal/head-of-state official compensation; personal salary not public.","","assets/final_portraits_3x4/042_SAU_Salman-bin-Abdulaziz-Al-Saud.jpg","https://commons.wikimedia.org/wiki/File:%D8%A7%D9%84%D8%B5%D9%88%D8%B1%D8%A9_%D8%A7%D9%84%D8%B1%D8%B3%D9%85%D9%8A%D8%A9_%D9%84%D8%AE%D8%A7%D8%AF%D9%85_%D8%A7%D9%84%D8%AD%D8%B1%D9%85%D9%8A%D9%86_%D8%A7%D9%84%D8%B4%D8%B1%D9%8A%D9%81%D9%8A%D9%86_%D8%A7%D9%84%D9%85%D9%84%D9%83_%D8%B3%D9%84%D9%85%D8%A7%D9%86_%D8%A8%D9%86_%D8%B9%D8%A8%D8%AF%D8%A7%D9%84%D8%B9%D8%B2%D9%8A%D8%B2_%D8%A2%D9%84_%D8%B3%D8%B9%D9%88%D8%AF.jpg","CC BY-SA 4.0","Saudi Press Agency (SPA)","https://cc.spa.gov.sa/ar#27476","5362","6638","FACTCHECK: monarchy/royal allocation is not treated as president salary | PRODUCTION_FILL: no N/A; realistic display estimate, not fully verified official payroll"
"43","Malaysia","Малайзия","MYS","34374300","31 Mar 2026","National quarterly estimate","Ibrahim Iskandar of Johor","Ибрагим Исмаил","Q2657043","Monarch / head of state; no president","head_state","production estimate, USD monthly equivalent","263496","$263,496","Monthly equivalent = annual approximate salary divided by 12; benefits and allowances excluded unless salary basis says otherwise.","$21,958","21958","royal_allowance_estimate","estimated","https://en.wikipedia.org/wiki/List_of_heads_of_state_and_government_salaries","Production estimate from public allowance/remuneration tables; rounded USD/month.","","assets/final_portraits_3x4/043_MYS_Ibrahim-Iskandar-of-Johor.jpg","https://commons.wikimedia.org/wiki/File:King_Ibrahim_of_Malaysia_August_2025.jpg","CC BY 4.0","Mikhail Tereshchenko","http://www.kremlin.ru/events/president/news/77721","456","608","FACTCHECK: monarchy/royal allocation is not treated as president salary | PRODUCTION_FILL: no N/A; realistic display estimate, not fully verified official payroll"
"44","Peru","Перу","PER","34350244","1 Jul 2025","National annual projection","José María Balcázar","Хосе Мария Балькасар","Q108414587","Head of state / president where applicable","head_state","56,530 USD (President)","56530","$56,530","Monthly equivalent = annual approximate salary divided by 12; benefits and allowances excluded unless salary basis says otherwise.","$4,711","4711","local_salary_explicit_usd","medium","https://en.wikipedia.org/wiki/List_of_heads_of_state_and_government_salaries","Approximate head-of-state annual salary; broad source has mixed years/exchange rates.","","assets/final_portraits_3x4/044_PER_José-María-Balcázar.jpg","https://commons.wikimedia.org/wiki/File:Jos%C3%A9_Mar%C3%ADa_Balc%C3%A1zar.jpg","CC BY 2.0","Ministerio  de la Producción","https://www.flickr.com/photos/ministeriodelaproduccion/55115219825/","647","869",""
"45","Mozambique","Мозамбик","MOZ","34090466","1 Jul 2025","National annual projection","Daniel Chapo","Даниэл Шапу","Q97058466","Head of state / president where applicable","head_state","46,800 USD (President)","46800","$46,800","Monthly equivalent = annual approximate salary divided by 12; benefits and allowances excluded unless salary basis says otherwise.","$3,900","3900","aggregate_salary_table_needs_official_confirmation","low","https://en.wikipedia.org/wiki/List_of_heads_of_state_and_government_salaries","Approximate head-of-state annual salary; broad source has mixed years/exchange rates.","","assets/final_portraits_3x4/045_MOZ_Daniel-Chapo.jpg","https://commons.wikimedia.org/wiki/File:Daniel_Chapo_on_November_24%2C_2025_%28cropped%29.jpg","CC BY-SA 4.0","Lula Oficial","https://www.flickr.com/photos/lulaoficial/54943384281/","836","1080","FACTCHECK: salary retained as approximate; official/current source not fully verified"
"46","Ghana","Гана","GHA","33742380","1 Jul 2025","National annual projection","John Mahama","Джон Драмани Махама","Q50678","Head of state / president where applicable","head_state","76,000 USD (President)","76000","$76,000","Monthly equivalent = annual approximate salary divided by 12; benefits and allowances excluded unless salary basis says otherwise.","$6,333","6333","aggregate_salary_table_needs_official_confirmation","low","https://en.wikipedia.org/wiki/List_of_heads_of_state_and_government_salaries","Approximate head-of-state annual salary; broad source has mixed years/exchange rates.","","assets/final_portraits_3x4/046_GHA_John-Mahama.jpg","https://commons.wikimedia.org/wiki/File:John_Mahama_in_Yokohama_%28cropped%29.jpg","CC BY 4.0","Cabinet Public Relations Office of the Cabinet Secretariat","TICAD 9 -Day 1- (2) (The Prime Minister in Action) | Prime Minister's Office of Japan","611","803","FACTCHECK: salary retained as approximate; official/current source not fully verified"
"47","Yemen","Йемен","YEM","32684503","1 Jul 2023","Official estimate","Rashad al-Alimi","Ришад Мухаммед Алими","Q12213376","Chairperson, Presidential Leadership Council","head_state","15,300 USD (President)","15300","$15,300","Monthly equivalent = annual approximate salary divided by 12; benefits and allowances excluded unless salary basis says otherwise.","$1,275","1275","aggregate_salary_table_needs_official_confirmation","low","https://en.wikipedia.org/wiki/List_of_heads_of_state_and_government_salaries","Approximate head-of-state annual salary; broad source has mixed years/exchange rates.","","assets/final_portraits_3x4/047_YEM_Rashad-al-Alimi.jpg","http://commons.wikimedia.org/wiki/Special:FilePath/Rashad%20al-Alimi%20-%202022.jpg","CC BY-SA 4.0","Ali mamon","Own work","","","FACTCHECK: Yemen: chair of Presidential Leadership Council; salary weak. | FACTCHECK: salary retained as approximate; official/current source not fully verified"
"48","Madagascar","Мадагаскар","MDG","31727042","1 Jul 2025","National annual projection","Michael Randrianirina","Микаэль Рандрианирина","Q136500275","Head of state / president where applicable","head_state","production estimate, USD monthly equivalent","48000","$48,000","Not publicly disclosed.","$4,000","4000","presidential_salary_estimate","estimated","https://en.wikipedia.org/wiki/List_of_heads_of_state_and_government_salaries","Production estimate; post-coup/current president salary not publicly disclosed.","","assets/final_portraits_3x4/048_MDG_Michael-Randrianirina.jpg","https://commons.wikimedia.org/wiki/File:Michael_Randrianirina_in_February_2026.jpg","CC BY 4.0","Presidential Executive Office of Russia","http://en.kremlin.ru/events/president/news/79182/photos/85331","662","872","FACTCHECK: Salary not publicly disclosed for current post-coup president. | PRODUCTION_FILL: no N/A; realistic display estimate, not fully verified official payroll"
"49","Ivory Coast","Кот-д’Ивуар","CIV","31719275","31 Dec 2024","National annual projection","Alassane Ouattara","Алассан Уаттара","Q57413","Head of state / president where applicable","head_state","100,000 USD (President)","100000","$100,000","Monthly equivalent = annual approximate salary divided by 12; benefits and allowances excluded unless salary basis says otherwise.","$8,333","8333","aggregate_salary_table_needs_official_confirmation","low","https://en.wikipedia.org/wiki/List_of_heads_of_state_and_government_salaries","Approximate head-of-state annual salary; broad source has mixed years/exchange rates.","","assets/final_portraits_3x4/049_CIV_Alassane-Ouattara.jpg","http://commons.wikimedia.org/wiki/Special:FilePath/Alassane%20Ouattara%20-%202024%20%28cropped%29.jpg","Attribution","Dario Pignatelli / European Union","https://newsroom.consilium.europa.eu/permalink/p184725 - https://newsroom.consilium.europa.eu/events/20240424-president-michel-visits-cote-d-ivoire/Pressstatements-27577/184725","","","FACTCHECK: salary retained as approximate; official/current source not fully verified"
"50","Nepal","Непал","NPL","29911840","25 Nov 2025","National annual projection","Ram Chandra Poudel","Рам Чандра Паудел","Q3183124","Head of state / president where applicable","head_state","17,584 USD (President)","17584","$17,584","Monthly equivalent = annual approximate salary divided by 12; benefits and allowances excluded unless salary basis says otherwise.","$1,465","1465","aggregate_salary_table_needs_official_confirmation","medium","https://en.wikipedia.org/wiki/List_of_heads_of_state_and_government_salaries","Approximate head-of-state annual salary; broad source has mixed years/exchange rates.","","assets/final_portraits_3x4/050_NPL_Ram-Chandra-Poudel.jpg","https://commons.wikimedia.org/wiki/File:President_Ram_Chandra_Poudel%2C_Official_portrait_%28January_2024%29.jpg","CC BY 2.0","Houses of the Oireachtas","https://www.flickr.com/photos/54097310@N08/53457375098/","646","867","FACTCHECK: salary retained as approximate; official/current source not fully verified"
"51","Cameroon","Камерун","CMR","29442327","1 Jul 2025","National annual projection","Paul Biya","Поль Бийя","Q57272","Head of state / president where applicable","head_state","production estimate, USD monthly equivalent","96000","$96,000","Monthly equivalent = annual approximate salary divided by 12; benefits and allowances excluded unless salary basis says otherwise.","$8,000","8000","presidential_salary_estimate","estimated","https://en.wikipedia.org/wiki/List_of_heads_of_state_and_government_salaries","Conservative production estimate; prior very high aggregate figure was suppressed.","","assets/final_portraits_3x4/051_CMR_Paul-Biya.jpg","http://commons.wikimedia.org/wiki/Special:FilePath/Paul%20Biya%20in%20December%2014th%2C%202022.jpg","Public domain","United States Department of State Africa U.S.-Africa Leaders Summit: Photos and Videos","https://www.state.gov/africasummit/photos/","","","FACTCHECK: salary retained as approximate; official/current source not fully verified | FACTCHECK: high aggregate salary suppressed; no reliable official/current salary confirmation found | PRODUCTION_FILL: no N/A; realistic display estimate, not fully verified official payroll"
"52","Ukraine","???????","UKR","28700000","1 Sep 2025","State migration service","Volodymyr Zelenskyy","???????? ?????????","Q3874799","Head of state / president where applicable","head_state","UAH 336,000 annual / UAH 28,000 monthly (President, 2025 declaration)","7655","$7,655","Monthly equivalent = annual approximate salary divided by 12; benefits and allowances excluded unless salary basis says otherwise.","$638","638","manual_2025_declaration_uah_to_usd_estimate","low","https://modern.az/en/dunya/587191/zelensky-his-salary-and-income-disclosed/","Reported 2025 presidential salary is UAH 336,000 per year / UAH 28,000 per month; USD is approximate and exchange-rate dependent.","","assets/final_portraits_3x4/052_UKR_Volodymyr-Zelenskyy.jpg","http://commons.wikimedia.org/wiki/Special:FilePath/Volodymyr%20Zelensky%20Official%20portrait.jpg","CC BY 4.0","me.gov.ua","https://me.gov.ua/Documents/Detail?lang=uk-UA&amp;id=11d61b18-e608-48ef-a22f-93c283fc84cc&amp;title=Vitseprem-rministrUkrainiMinistr2021","","",""
"53","Venezuela","Венесуэла","VEN","28517000","1 Jul 2025","UN projection","Delcy Rodriguez","Дельси Родригес","Q15081116","Acting President / Executive Vice President","head_state","production estimate, USD monthly equivalent","12000","$12,000","Monthly equivalent = annual approximate salary divided by 12; benefits and allowances excluded unless salary basis says otherwise.","$1,000","1000","acting_president_salary_estimate","estimated","https://en.wikipedia.org/wiki/List_of_heads_of_state_and_government_salaries","Production estimate for acting president/executive VP; official salary not independently verified.","","assets/final_portraits_3x4/053_VEN_Delcy-Rodriguez.jpg","http://commons.wikimedia.org/wiki/Special:FilePath/Delcy%20Rodr%C3%ADguez%20portrait.jpg","CC BY-SA 4.0","government.ru","This image has been extracted from another file","","","FACTCHECK: Venezuela: acting president / executive vice president; salary not independently verified. | FACTCHECK: Acting president salary not independently verified. | PRODUCTION_FILL: no N/A; realistic display estimate, not fully verified official payroll"
"54","Australia","Австралия","AUS","27724744","30 Sep 2025","Official projection","Sam Mostyn","Sam Mostyn","Q105100733","Governor-General of Australia / representative of the monarch","representative_head_state","production estimate, USD monthly equivalent","462000","$462,000","Monthly equivalent = annual approximate salary divided by 12; benefits and allowances excluded unless salary basis says otherwise.","$38,500","38500","governor_general_equivalent_estimate","estimated","https://www.legislation.gov.au/C2024A00053/asmade/2024-06-28/text/original/pdf","Australia is a constitutional monarchy; display uses the Governor-General salary as representative head-of-state compensation equivalent.","009_AUS_Sam-Mostyn.jpg","009_AUS_Sam-Mostyn.jpg","https://commons.wikimedia.org/wiki/File:Sam_Mostyn_2024.jpg","CC BY 3.0","Governor-General of Australia","Governor-General of Australia / gg.gov.au","1342","1880","FACTCHECK 2026-06-09: replaced Charles III with Sam Mostyn because salary basis is governor-general equivalent."
"55","Niger","Нигер","NER","27522750","1 Jul 2025","National annual projection","Abdourahamane Tchiani","Омар Чиани","Q120965176","Head of state / president where applicable","head_state","production estimate, USD monthly equivalent","36000","$36,000","Not publicly disclosed.","$3,000","3000","presidential_salary_estimate","estimated","https://en.wikipedia.org/wiki/List_of_heads_of_state_and_government_salaries","Production estimate; salary not publicly disclosed.","","assets/final_portraits_3x4/055_NER_Abdourahamane-Tchiani.jpg","http://commons.wikimedia.org/wiki/Special:FilePath/Abdourahamane%20Tchiani%20in%202025%20%28cropped%29.jpg","","","","","","FACTCHECK: Salary not publicly disclosed. | PRODUCTION_FILL: no N/A; realistic display estimate, not fully verified official payroll"
"56","North Korea","КНДР","PRK","25950000","1 Jul 2024","National annual projection","Kim Jong-un","Ким Чен Ын","Q56226","Head of state / president where applicable","head_state","production estimate, USD monthly equivalent","60000","$60,000","Not publicly disclosed.","$5,000","5000","state_leader_salary_estimate","estimated","https://en.wikipedia.org/wiki/List_of_heads_of_state_and_government_salaries","Production estimate; salary not publicly disclosed in North Korea.","","assets/final_portraits_3x4/056_PRK_Kim-Jong-un.jpg","http://commons.wikimedia.org/wiki/Special:FilePath/Kim%20Jong-un%20and%20Vladimir%20Putin%20%282023-09-13%29%2012%20%28cropped%29.jpg","CC BY 4.0","Владимир Смирнов / ТАСС","КНДР поддерживает курс России на справедливое мироустройство (HQ); TASS Mediabank (ID 62123259)","","","FACTCHECK: Salary not publicly disclosed. | PRODUCTION_FILL: no N/A; realistic display estimate, not fully verified official payroll"
"57","Syria","Сирия","SYR","25620427","1 Jul 2025","Monthly estimate","Ahmed al-Sharaa","Ахмед аш-Шараа","Q7934206","Head of state / president where applicable","head_state","production estimate, USD monthly equivalent","60000","$60,000","Monthly equivalent = annual approximate salary divided by 12; benefits and allowances excluded unless salary basis says otherwise.","$5,000","5000","presidential_salary_estimate","estimated","https://en.wikipedia.org/wiki/List_of_heads_of_state_and_government_salaries","Conservative production estimate; prior high aggregate figure was suppressed.","","assets/final_portraits_3x4/057_SYR_Ahmed-al-Sharaa.jpg","http://commons.wikimedia.org/wiki/Special:FilePath/Ahmed%20al-Sharaa%2C%20President%20of%20Syria%2C%20in%20March%202026.jpg","CC BY 4.0","Foreign, Commonwealth &amp; Development Office","Minister Falconer meets Syrian President","","","FACTCHECK: salary retained as approximate; official/current source not fully verified | FACTCHECK: high aggregate salary suppressed; no reliable official/current salary confirmation found | PRODUCTION_FILL: no N/A; realistic display estimate, not fully verified official payroll"
"58","Burkina Faso","Буркина-Фасо","BFA","24070553","1 Jul 2025","Official projection","Ibrahim Traoré","Ибраим Траоре","Q114341246","Head of state / president where applicable","head_state","33,810 USD (President)","33810","$33,810","Monthly equivalent = annual approximate salary divided by 12; benefits and allowances excluded unless salary basis says otherwise.","$2,818","2818","aggregate_salary_table_needs_official_confirmation","low","https://en.wikipedia.org/wiki/List_of_heads_of_state_and_government_salaries","Approximate head-of-state annual salary; broad source has mixed years/exchange rates.","","assets/final_portraits_3x4/058_BFA_Ibrahim-Traoré.jpg","http://commons.wikimedia.org/wiki/Special:FilePath/Capitaine%20Ibrahim%20Traor%C3%A9.jpg","","","","","","FACTCHECK: salary retained as approximate; official/current source not fully verified"
"59","Taiwan","Китайская Республика (Тайвань)","TWN","23262544","30 Apr 2026","Official estimate","Lai Ching-te","Лай Циндэ","Q3847080","Head of state / president where applicable","head_state","180,000 USD (President)","180000","$180,000","Monthly equivalent = annual approximate salary divided by 12; benefits and allowances excluded unless salary basis says otherwise.","$15,000","15000","aggregate_salary_table_needs_official_confirmation","medium","https://en.wikipedia.org/wiki/List_of_heads_of_state_and_government_salaries","Approximate head-of-state annual salary; broad source has mixed years/exchange rates.","","assets/final_portraits_3x4/059_TWN_Lai-Ching-te.jpg","http://commons.wikimedia.org/wiki/Special:FilePath/%E8%B3%B4%E6%B8%85%E5%BE%B7%E7%B8%BD%E7%B5%B1%201.jpg","Attribution","總統府","https://www.president.gov.tw/Page/697","","","FACTCHECK: salary retained as approximate; official/current source not fully verified"
"60","Mali","Мали","MLI","22395489","15 Jun 2022","2022 census result","Assimi Goïta","Ассими Гоита","Q98497406","Head of state / president where applicable","head_state","68,900 USD (President)","68900","$68,900","Monthly equivalent = annual approximate salary divided by 12; benefits and allowances excluded unless salary basis says otherwise.","$5,742","5742","aggregate_salary_table_needs_official_confirmation","low","https://en.wikipedia.org/wiki/List_of_heads_of_state_and_government_salaries","Approximate head-of-state annual salary; broad source has mixed years/exchange rates.","","assets/final_portraits_3x4/060_MLI_Assimi-Goïta.jpg","http://commons.wikimedia.org/wiki/Special:FilePath/Assimi%20Go%C3%AFta%20in%20July%202023.jpg","CC BY 4.0","President of Russia,Kremlin","http://en.kremlin.ru/events/president/news/71842","","","FACTCHECK: salary retained as approximate; official/current source not fully verified"
"61","Sri Lanka","Шри-Ланка","LKA","21781800","19 Dec 2024","2024 census result","Anura Kumara Dissanayake","Анура Кумара Диссанаяке","Q4777855","Head of state / president where applicable","head_state","7,380 USD (President)","7380","$7,380","Monthly equivalent = annual approximate salary divided by 12; benefits and allowances excluded unless salary basis says otherwise.","$615","615","aggregate_salary_table_needs_official_confirmation","medium","https://en.wikipedia.org/wiki/List_of_heads_of_state_and_government_salaries","Approximate head-of-state annual salary; broad source has mixed years/exchange rates.","","assets/final_portraits_3x4/061_LKA_Anura-Kumara-Dissanayake.jpg","https://commons.wikimedia.org/wiki/File:Minister_of_External_Affairs%2C_Govt._of_Bharat%2C_Dr._Subrahmanyam_Jaishankar_with_the_President_of_Sri_Lanka_Mr._Anura_Kumara_Dissanayake_%28cropped%29.jpg","GODL-India","Ministry of External Affairs
","



 
This file or its source was published by Press Information Bureau on behalf of Ministry of External Affairs, Government of India under the ID 173009. (direct link)
This tag does not indicate the copyright status of the attached work. A normal copyright tag is still required. See Commons:Licensing.


العربية ∙ বাংলা ∙ English ∙ हिन्दी ∙ 日本語 ∙ македонски ∙ മലയാളം ∙ polski ∙ தமிழ் ∙ ತುಳು ∙ 中文 ∙ 中文（简体） ∙ 中文（繁體） ∙ +/−



","562","721","FACTCHECK: salary retained as approximate; official/current source not fully verified"
"62","Malawi","Малави","MWI","20734262","1 Jul 2025","National annual projection","Peter Mutharika","Питер Мутарика","Q7176020","Head of state / president where applicable","head_state","74,300 USD (President)","74300","$74,300","Monthly equivalent = annual approximate salary divided by 12; benefits and allowances excluded unless salary basis says otherwise.","$6,192","6192","aggregate_salary_table_needs_official_confirmation","medium","https://en.wikipedia.org/wiki/List_of_heads_of_state_and_government_salaries","Approximate head-of-state annual salary; broad source has mixed years/exchange rates.","","assets/final_portraits_3x4/062_MWI_Peter-Mutharika.jpg","http://commons.wikimedia.org/wiki/Special:FilePath/Arthur%20Peter%20Mutharika%202014%20%28cropped%29.jpg","Public domain","U.S. Department of State","https://www.flickr.com/photos/statephotos/14817425966/","","","FACTCHECK: salary retained as approximate; official/current source not fully verified"
"63","Kazakhstan","Казахстан","KAZ","20562993","1 May 2026","Official estimate","Qasym-Zhomart Toqaev","Касым-Жомарт Кемелевич Токаев","Q200881","Head of state / president where applicable","head_state","20,400 USD (President)","20400","$20,400","Monthly equivalent = annual approximate salary divided by 12; benefits and allowances excluded unless salary basis says otherwise.","$1,700","1700","aggregate_salary_table_needs_official_confirmation","medium","https://en.wikipedia.org/wiki/List_of_heads_of_state_and_government_salaries","Approximate head-of-state annual salary; broad source has mixed years/exchange rates.","","assets/final_portraits_3x4/063_KAZ_Qasym-Zhomart-Toqaev.jpg","https://commons.wikimedia.org/wiki/File:2025_Tokayev_Address_to_the_Nation_%28cropped%29.jpg","CC BY 4.0","Қазақстан премьер-министрі","Мемлекет басшысы Қасым-Жомарт Тоқаевтың «Жасанды интеллект дәуіріндегі Қазақстан: өзекті мәселелер және оны түбегейлі цифрлық өзгерістер арқылы шешу» атты Қазақстан халқына Жолдауы","696","928","FACTCHECK: salary retained as approximate; official/current source not fully verified"
"64","Chile","Чили","CHL","20206953","30 Jun 2025","National annual projection","José Antonio Kast","Хосе Антонио Каст","Q5937916","Head of state / president where applicable","head_state","CLP 123,228,912/year","131100","$131,100","Monthly equivalent = annual approximate salary divided by 12; benefits and allowances excluded unless salary basis says otherwise.","$10,925","10925","official_local_salary_current_fx_estimate","high","https://cdn.hacienda.cl/","Chile 2026 remuneration about CLP 10,269,076/month; USD converted approximately.","","assets/final_portraits_3x4/064_CHL_José-Antonio-Kast.jpg","https://commons.wikimedia.org/wiki/File:Presidente_Jos%C3%A9_Antonio_Kast_en_marzo_de_2026.jpg","CC BY 3.0 cl","Gobierno de Chile","https://prensa.presidencia.cl/comunicado.aspx?id=322094","2016","3026",""
"65","Zambia","Замбия","ZMB","19693423","8 Sep 2022","2022 census result","Hakainde Hichilema","Хакаинде Хичилема","Q717185","Head of state / president where applicable","head_state","production estimate, USD monthly equivalent","22800","$22,800","Monthly equivalent = annual approximate salary divided by 12; benefits and allowances excluded unless salary basis says otherwise.","$1,900","1900","reported_salary_or_equivalent_estimate","estimated","https://en.wikipedia.org/wiki/List_of_heads_of_state_and_government_salaries","Production estimate near reported Zambian presidential pay; reports conflict on whether salary is personally received.","","assets/final_portraits_3x4/065_ZMB_Hakainde-Hichilema.jpg","https://commons.wikimedia.org/wiki/File:Hakainde_Hichilema_in_Japan_on_February_6%2C_2025_%28cropped%29.jpg","CC BY 4.0","Cabinet Public Relations Office of the Cabinet Secretariat","Japan-Zambia Summit Meeting (The Prime Minister in Action) | Prime Minister's Office of Japan","682","863","FACTCHECK: Reports conflict: salary reported but government later said president does not receive state salary. | PRODUCTION_FILL: no N/A; realistic display estimate, not fully verified official payroll"
"66","Somalia","Сомали","SOM","19655000","1 Jul 2025","UN projection","Hassan Sheikh Mohamud","Хасан Шейх Махмуд","Q319153","Head of state / president where applicable","head_state","120,000 USD (President)","120000","$120,000","Monthly equivalent = annual approximate salary divided by 12; benefits and allowances excluded unless salary basis says otherwise.","$10,000","10000","aggregate_salary_table_needs_official_confirmation","low","https://en.wikipedia.org/wiki/List_of_heads_of_state_and_government_salaries","Approximate head-of-state annual salary; broad source has mixed years/exchange rates.","","assets/final_portraits_3x4/066_SOM_Hassan-Sheikh-Mohamud.jpg","http://commons.wikimedia.org/wiki/Special:FilePath/Hassan%20Sheikh%20Mohamud--StateDept%20Portrait--%20%28cropped%29.jpg","Public domain","United States State Department","Flickr","","","FACTCHECK: salary retained as approximate; official/current source not fully verified"
"67","Chad","Чад","TCD","19340757","1 Jul 2025","National annual projection","Mahamat Déby","Махамат Деби","Q16206405","Head of state / president where applicable","head_state","16,640 USD (President)","16640","$16,640","Monthly equivalent = annual approximate salary divided by 12; benefits and allowances excluded unless salary basis says otherwise.","$1,387","1387","aggregate_salary_table_needs_official_confirmation","low","https://en.wikipedia.org/wiki/List_of_heads_of_state_and_government_salaries","Approximate head-of-state annual salary; broad source has mixed years/exchange rates.","","assets/final_portraits_3x4/067_TCD_Mahamat-Déby.jpg","http://commons.wikimedia.org/wiki/Special:FilePath/Mahamat%20D%C3%A9by.jpg","Public domain","United States Department of State Africa U.S.-Africa Leaders Summit: Photos and Videos","https://www.state.gov/africasummit/photos/","","","FACTCHECK: salary retained as approximate; official/current source not fully verified"
"68","Senegal","Сенегал","SEN","19075959","1 Jul 2025","National annual projection","Bassirou Diomaye Faye","Бассиру Диомай Фай","Q124382437","Head of state / president where applicable","head_state","15,210 USD (President)","15210","$15,210","Monthly equivalent = annual approximate salary divided by 12; benefits and allowances excluded unless salary basis says otherwise.","$1,268","1268","aggregate_salary_table_needs_official_confirmation","low","https://en.wikipedia.org/wiki/List_of_heads_of_state_and_government_salaries","Approximate head-of-state annual salary; broad source has mixed years/exchange rates.","","assets/final_portraits_3x4/068_SEN_Bassirou-Diomaye-Faye.jpg","https://commons.wikimedia.org/wiki/File:Bassirou_Diomaye_Faye_in_Yokohama_%28cropped%29.jpg","CC BY 4.0","Cabinet Public Relations Office of the Cabinet Secretariat","TICAD9 -Day 1- (1) (The Prime Minister in Action) | Prime Minister's Office of Japan","657","851","FACTCHECK: salary retained as approximate; official/current source not fully verified"
"69","Romania","Румыния","ROU","19036031","1 Jan 2025","Official estimate","Nicușor Dan","Никушор Дан","Q11163124","Head of state / president where applicable","head_state","61,296 USD (President)","61296","$61,296","Monthly equivalent = annual approximate salary divided by 12; benefits and allowances excluded unless salary basis says otherwise.","$5,108","5108","aggregate_salary_table_needs_official_confirmation","low","https://en.wikipedia.org/wiki/List_of_heads_of_state_and_government_salaries","Approximate head-of-state annual salary; broad source has mixed years/exchange rates.","","assets/final_portraits_3x4/069_ROU_Nicușor-Dan.jpg","https://commons.wikimedia.org/wiki/File:Nicu%C8%99or_Dan_-_Eastern_Flank_Summit_16_December_2025_%28cropped%29.jpg","CC BY 4.0","FinnishGovernment","https://www.flickr.com/photos/finnishgovernment/54988218514/","911","1214","FACTCHECK: salary retained as approximate; official/current source not fully verified"
"70","Ecuador","Эквадор","ECU","18103660","1 Jul 2025","National annual projection","Daniel Noboa","Даниэль Нобоа","Q112075625","Head of state / president where applicable","head_state","75,132 USD (President)","75132","$75,132","Monthly equivalent = annual approximate salary divided by 12; benefits and allowances excluded unless salary basis says otherwise.","$6,261","6261","aggregate_salary_table_needs_official_confirmation","medium","https://en.wikipedia.org/wiki/List_of_heads_of_state_and_government_salaries","Approximate head-of-state annual salary; broad source has mixed years/exchange rates.","","assets/final_portraits_3x4/070_ECU_Daniel-Noboa.jpg","https://commons.wikimedia.org/wiki/File:Noboa_en_24_mayo_de_2026.jpg","CC0","Juan Montenegro/Presidencia de la República","https://www.flickr.com/photos/presidenciaecuador/55291048490/","2557","3520","FACTCHECK: salary retained as approximate; official/current source not fully verified"
"71","Guatemala","Гватемала","GTM","18312373","1 Jul 2026","National annual projection","Bernardo Arévalo de León","Бернардо Аревало","Q107254030","Head of state / president where applicable","head_state","GTQ 100,855.91/month","155400","$155,400","Monthly equivalent = annual approximate salary divided by 12; benefits and allowances excluded unless salary basis says otherwise.","$12,950","12950","reported_salary_cut_current_fx_estimate","medium","https://agn.gt/presidente-anuncia-que-a-partir-de-junio-entra-en-vigor-la-reduccion-del-25-de-su-salario/","President announced 25% salary cut; approx Q100,855.91/month; USD converted approximately.","","assets/final_portraits_3x4/071_GTM_Bernardo-Arévalo-de-León.jpg","http://commons.wikimedia.org/wiki/Special:FilePath/Bernardo%20Ar%C3%A9valo%20de%20Le%C3%B3n.jpg","Public domain","Gobierno de Guatemala","https://www.flickr.com/photos/guatemalagob/54891043103/","","",""
"72","Cambodia","Камбоджа","KHM","17577760","1 Jul 2025","Official projection","Norodom Sihamoni","Нородом Сиамони","Q57319","Monarch / head of state; no president","head_state","production estimate, USD monthly equivalent","30000","$30,000","Not publicly disclosed.","$2,500","2500","royal_allowance_estimate","estimated","https://en.wikipedia.org/wiki/List_of_heads_of_state_and_government_salaries","Production estimate for royal/head-of-state support; not a conventional salary.","","assets/final_portraits_3x4/072_KHM_Norodom-Sihamoni.jpg","http://commons.wikimedia.org/wiki/Special:FilePath/Ceremonial%20Reception%20of%20the%20King%20of%20Cambodia%2C%20Norodom%20Sihamoni%20on%20May%2030%2C%202023%20%283x4%20cropped%29.jpg","","","","","","FACTCHECK: monarchy/royal allocation is not treated as president salary | PRODUCTION_FILL: no N/A; realistic display estimate, not fully verified official payroll"
"73","Zimbabwe","Зимбабве","ZWE","17073087","1 Jul 2025","Official projection","Emmerson Mnangagwa","Эммерсон Мнангагва","Q510523","Head of state / president where applicable","head_state","146,590 USD (President)","146590","$146,590","Monthly equivalent = annual approximate salary divided by 12; benefits and allowances excluded unless salary basis says otherwise.","$12,216","12216","aggregate_salary_table_needs_official_confirmation","low","https://en.wikipedia.org/wiki/List_of_heads_of_state_and_government_salaries","Approximate head-of-state annual salary; broad source has mixed years/exchange rates.","","assets/final_portraits_3x4/073_ZWE_Emmerson-Mnangagwa.jpg","http://commons.wikimedia.org/wiki/Special:FilePath/Emmerson%20Mnangagwa%20Official%20Portrait%20%28cropped%29.jpg","Public domain","Government of Zimbabwe","Government of Zimbabwe","","","FACTCHECK: salary retained as approximate; official/current source not fully verified"
"74","Guinea","Гвинея","GIN","17521167","1 Jul 2025","Census 1 Juli 2025","Mamady Doumbouya","Мамади Думбуя","Q108418519","Head of state / president where applicable","head_state","22,390 USD (President)","22390","$22,390","Monthly equivalent = annual approximate salary divided by 12; benefits and allowances excluded unless salary basis says otherwise.","$1,866","1866","aggregate_salary_table_needs_official_confirmation","low","https://en.wikipedia.org/wiki/List_of_heads_of_state_and_government_salaries","Approximate head-of-state annual salary; broad source has mixed years/exchange rates.","","assets/final_portraits_3x4/074_GIN_Mamady-Doumbouya.jpg","http://commons.wikimedia.org/wiki/Special:FilePath/Mamadi%20Doumbouya%202022.jpg","Public domain","Ambassade des Etats-Unis Conakry, Guinée","https://www.facebook.com/photo/?fbid=303743871782884","","","FACTCHECK: salary retained as approximate; official/current source not fully verified"
"75","South Sudan","Южный Судан","SSD","15786898","1 Jul 2025","National annual projection","Salva Kiir Mayardit","Салва Киир","Q57315","Head of state / president where applicable","head_state","60,000 USD (President)","60000","$60,000","Monthly equivalent = annual approximate salary divided by 12; benefits and allowances excluded unless salary basis says otherwise.","$5,000","5000","aggregate_salary_table_needs_official_confirmation","low","https://en.wikipedia.org/wiki/List_of_heads_of_state_and_government_salaries","Approximate head-of-state annual salary; broad source has mixed years/exchange rates.","","assets/final_portraits_3x4/075_SSD_Salva-Kiir-Mayardit.jpg","http://commons.wikimedia.org/wiki/Special:FilePath/Salva%20Kiir%20Mayardit.jpg","CC BY-SA 3.0","Photo Credit: Jenny Rockett","jenny.rockett@journalist.com","","","FACTCHECK: salary retained as approximate; official/current source not fully verified"
"76","Rwanda","Руанда","RWA","14104969","1 Jul 2025","National annual projection","Paul Kagame","Поль Кагаме","Q1231345","Head of state / president where applicable","head_state","85,000 USD (President)","85000","$85,000","Monthly equivalent = annual approximate salary divided by 12; benefits and allowances excluded unless salary basis says otherwise.","$7,083","7083","aggregate_salary_table_needs_official_confirmation","low","https://en.wikipedia.org/wiki/List_of_heads_of_state_and_government_salaries","Approximate head-of-state annual salary; broad source has mixed years/exchange rates.","","assets/final_portraits_3x4/076_RWA_Paul-Kagame.jpg","http://commons.wikimedia.org/wiki/Special:FilePath/Paul%20Kagame%20MSC%202017.jpg","CC BY 3.0 de","Hildenbrand /MSC","https://securityconference.org/en/medialibrary/asset/paul-kagame-1538-18-02-2017/","","","FACTCHECK: salary retained as approximate; official/current source not fully verified"
"77","Benin","Бенин","BEN","13224860","1 Jul 2025","National annual projection","Romuald Wadagni","Ваданьи, Ромуальд","Q24951128","Head of state / president where applicable","head_state","29,810 USD (President)","29810","$29,810","Monthly equivalent = annual approximate salary divided by 12; benefits and allowances excluded unless salary basis says otherwise.","$2,484","2484","aggregate_salary_table_needs_official_confirmation","medium","https://en.wikipedia.org/wiki/List_of_heads_of_state_and_government_salaries","Approximate head-of-state annual salary; broad source has mixed years/exchange rates.","","assets/final_portraits_3x4/077_BEN_Romuald-Wadagni.jpg","http://commons.wikimedia.org/wiki/Special:FilePath/Romuald%20Wadagni%20March%202026.jpg","CC BY-SA 4.0","Bibamad","Own work","","","FACTCHECK: salary retained as approximate; official/current source not fully verified"
"78","Burundi","Бурунди","BDI","12332788","16 Aug 2024","Preliminary census result","Évariste Ndayishimiye","Эварист Ндайишимийе","Q27329764","Head of state / president where applicable","head_state","47,300 USD (President)","47300","$47,300","Monthly equivalent = annual approximate salary divided by 12; benefits and allowances excluded unless salary basis says otherwise.","$3,942","3942","aggregate_salary_table_needs_official_confirmation","low","https://en.wikipedia.org/wiki/List_of_heads_of_state_and_government_salaries","Approximate head-of-state annual salary; broad source has mixed years/exchange rates.","","assets/final_portraits_3x4/078_BDI_Évariste-Ndayishimiye.jpg","http://commons.wikimedia.org/wiki/Special:FilePath/%D0%AD%D0%B2%D0%B0%D1%80%D0%B8%D1%81%D1%82%20%D0%9D%D0%B4%D0%B0%D0%B9%D0%B8%D1%88%D0%B8%D0%BC%D0%B8%D0%B5%20%2818-02-2022%29%20%28cropped%29.jpg","CC BY 4.0","Lukasz Kobus / European Commission","Visit of Evariste Ndayishimiye, President of Burundi, to the European Commission","","","FACTCHECK: salary retained as approximate; official/current source not fully verified"
"79","Tunisia","Тунис","TUN","11972169","6 Nov 2024","2024 census result","Kais Saied","Каис Саид","Q16120878","Head of state / president where applicable","head_state","16,700 USD (President)","16700","$16,700","Monthly equivalent = annual approximate salary divided by 12; benefits and allowances excluded unless salary basis says otherwise.","$1,392","1392","aggregate_salary_table_needs_official_confirmation","low","https://en.wikipedia.org/wiki/List_of_heads_of_state_and_government_salaries","Approximate head-of-state annual salary; broad source has mixed years/exchange rates.","","assets/final_portraits_3x4/079_TUN_Kais-Saied.jpg","http://commons.wikimedia.org/wiki/Special:FilePath/Kais%20Saied%202023.jpg","Attribution","Quirinale","https://www.quirinale.it/elementi/93652","","","FACTCHECK: salary retained as approximate; official/current source not fully verified"
"80","Jordan","Иордания","JOR","11937000","31 Dec 2025","National estimate","Abdullah II of Jordan","Абдалла II","Q57464","Monarch / head of state; no president","head_state","production estimate, USD monthly equivalent","847452","$847,452","Monthly equivalent = annual approximate salary divided by 12; benefits and allowances excluded unless salary basis says otherwise.","$70,621","70621","royal_allowance_estimate","estimated","https://en.wikipedia.org/wiki/List_of_heads_of_state_and_government_salaries","Production estimate from public salary/allowance tables; royal budget may not equal personal salary.","","assets/final_portraits_3x4/080_JOR_Abdullah-II-of-Jordan.jpg","https://commons.wikimedia.org/wiki/File:Abdullah_II_portrait_at_10_Downing_Street_February_2026_%28cropped%29.jpg","OGL 3","Number 10","https://www.flickr.com/photos/number10gov/55100153570/","1280","1690","FACTCHECK: monarchy/royal allocation is not treated as president salary | PRODUCTION_FILL: no N/A; realistic display estimate, not fully verified official payroll"
"81","Belgium","Бельгия","BEL","11936546","1 Apr 2026","Official estimate","Philippe of Belgium","Филипп","Q155004","Monarch / head of state; no president","head_state","production estimate, USD monthly equivalent","1080000","$1,080,000","Not publicly disclosed.","$90,000","90000","civil_list_equivalent_estimate","estimated","https://en.wikipedia.org/wiki/List_of_heads_of_state_and_government_salaries","Production estimate from civil list/public funding scale; not a simple personal salary.","","assets/final_portraits_3x4/081_BEL_Philippe-of-Belgium.jpg","https://commons.wikimedia.org/wiki/File:Visit_of_King_Philippe_I_of_Belgium_to_Ghent_European_Youth_Capital_on_25_April_2024_-_EU2024BE_240425_Visit_of_His_Majesty_the_King_to_Ghent_European_Youth_Capital_Ghent_JNZT_0078_%2853677952391%29.jpg","CC BY 2.0","Belgian Presidency of the Council of the EU 2024 from Belgium","EU2024BE_240425_Visit of His Majesty the King to Ghent European Youth Capital_Ghent_JNZT_0078","1860","2487","FACTCHECK: monarchy/royal allocation is not treated as president salary | PRODUCTION_FILL: no N/A; realistic display estimate, not fully verified official payroll"
"82","Haiti","Гаити","HTI","11867032","1 Jul 2024","National annual projection","Alix Didier Fils-Aime","Alix Didier Fils-Aime","Q124846311","Acting prime minister / sole executive; presidency vacant","acting_executive_no_president","production estimate, USD monthly equivalent","96000","$96,000","Monthly equivalent = annual approximate salary divided by 12; benefits and allowances excluded unless salary basis says otherwise.","$8,000","8000","acting_executive_salary_estimate","estimated","https://en.wikipedia.org/wiki/List_of_heads_of_state_and_government_salaries","Production estimate for acting executive authority after presidency became vacant.","","assets/final_portraits_3x4/082_HTI_Alix-Didier-Fils-Aime.jpg","https://commons.wikimedia.org/wiki/File:Alix_Didier_Fils-Aim%C3%A9_-_Premier_ministre_3x4_portrait.jpg","see_source","see_source","see source URL","680","184","FACTCHECK: Transitional Presidential Council mandate ended 2026-02-07; no elected president | FACTCHECK: No current elected president; presidency vacant / executive authority by PM. | PRODUCTION_FILL: no N/A; realistic display estimate, not fully verified official payroll"
"83","Bolivia","Боливия","BOL","11365333","23 Mar 2024","2024 census result","Rodrigo Paz Pereira","Rodrigo Paz Pereira","Q110520817","President","president","39,924 USD (President)","39924","$39,924","Monthly equivalent = annual approximate salary divided by 12; benefits and allowances excluded unless salary basis says otherwise.","$3,327","3327","aggregate_salary_table_needs_official_confirmation","medium","https://en.wikipedia.org/wiki/List_of_heads_of_state_and_government_salaries","Approximate head-of-state annual salary; broad source has mixed years/exchange rates. Leader/office fact-checked 2026-06-09.","","assets/final_portraits_3x4/083_BOL_Rodrigo-Paz-Pereira.jpg","https://commons.wikimedia.org/wiki/File:Rodrigo_Paz_Pereira._Official_portrait,_2020._Chamber_of_Senators_of_Bolivia_(3x4_cropped).jpg","see_source","see_source","see source URL","1200","1600","FACTCHECK: Name spelling corrected from Perota to Pereira | FACTCHECK: salary retained as approximate; official/current source not fully verified"
"84","United Arab Emirates","Объединённые Арабские Эмираты","ARE","11294243","31 Dec 2024","Official estimate","Mohammed Bin Zayed Al Nahyan","Мухаммад бен Зайд аль-Нахайян","Q1951896","President of the United Arab Emirates / head of state","head_state","production estimate, USD monthly equivalent","1200000","$1,200,000","Not used: source appears to describe royal grant/privy purse/allowance or an unverified outlier, not personal monthly salary.","$100,000","100000","royal_compensation_estimate","estimated","https://en.wikipedia.org/wiki/List_of_heads_of_state_and_government_salaries","Conservative production estimate for official head-of-state compensation; excludes wealth and privy-purse-style figures.","","assets/final_portraits_3x4/084_ARE_Mohammed-Bin-Zayed-Al-Nahyan.jpg","https://commons.wikimedia.org/wiki/File:Mohamed_bin_Zayed_Al_Nahyan_-_2024_%28cropped%29.jpg","CC BY 4.0","



Press Service of the President of the Republic of Azerbaijan
","Presidents of Azerbaijan and United Arab Emirates held expanded meeting","1706","2192","FACTCHECK: monarchy/royal allocation is not treated as president salary | PRODUCTION_FILL: no N/A; realistic display estimate, not fully verified official payroll"
"85","Czech Republic","Чехия","CZE","10915839","31 Dec 2025","Official estimate","Petr Pavel","Петр Павел","Q2080040","Head of state / president where applicable","head_state","CZK 383,200/month","199000","$199,000","Monthly equivalent = annual approximate salary divided by 12; benefits and allowances excluded unless salary basis says otherwise.","$16,583","16583","reported_official_salary_current_fx_estimate","medium","https://praguemorning.cz/czech-politicians-salaries-2026/","2026 Czech presidential salary reported CZK 383,200/month plus compensation; display uses salary-only approximate USD.","","assets/final_portraits_3x4/085_CZE_Petr-Pavel.jpg","https://commons.wikimedia.org/wiki/File:Petr_Pavel.jpg","CC BY-SA 4.0","Jana Jabůrková, Jiří Turek (J3T)","Kancelář prezidenta republiky","2365","3380",""
"86","Dominican Republic","Доминиканская Республика","DOM","10771504","10 Nov 2022","2022 census result","Luis Abinader","Luis Abinader","Q16594097","President","president","120,000 USD (President)","120000","$120,000","Monthly equivalent = annual approximate salary divided by 12; benefits and allowances excluded unless salary basis says otherwise.","$10,000","10000","local_salary_explicit_usd","medium","https://en.wikipedia.org/wiki/List_of_heads_of_state_and_government_salaries","Approximate head-of-state annual salary; broad source has mixed years/exchange rates. Leader/office fact-checked 2026-06-09.","","assets/final_portraits_3x4/086_DOM_Luis-Abinader.jpg","https://commons.wikimedia.org/wiki/File:President_Luis_Abinader.jpg","see_source","see_source","see source URL","885","1171","FACTCHECK: Name spelling corrected from Arruinader to Abinader"
"87","Portugal","Португалия","PRT","10749635","31 Dec 2024","Official estimate","António José Seguro","Антониу Жозе Сегуру","Q1580316","Head of state / president where applicable","head_state","96,469 USD (President)","96469","$96,469","Monthly equivalent = annual approximate salary divided by 12; benefits and allowances excluded unless salary basis says otherwise.","$8,039","8039","aggregate_salary_table_needs_official_confirmation","low","https://en.wikipedia.org/wiki/List_of_heads_of_state_and_government_salaries","Approximate head-of-state annual salary; broad source has mixed years/exchange rates.","","assets/final_portraits_3x4/087_PRT_António-José-Seguro.jpg","https://commons.wikimedia.org/wiki/File:Ant%C3%B3nio_Jos%C3%A9_Seguro_2026-04-21.png","CC BY-SA 4.0","Lula Oficial","https://flickr.com/photos/lulaoficial/55222243703","1244","1767","FACTCHECK: salary retained as approximate; official/current source not fully verified"
"88","Tajikistan","Таджикистан","TJK","10721000","1 Jan 2026","Official estimate","Emomali Rahmon","Эмомали Рахмон","Q57366","Head of state / president where applicable","head_state","13,200 USD (President)","13200","$13,200","Monthly equivalent = annual approximate salary divided by 12; benefits and allowances excluded unless salary basis says otherwise.","$1,100","1100","aggregate_salary_table_needs_official_confirmation","low","https://en.wikipedia.org/wiki/List_of_heads_of_state_and_government_salaries","Approximate head-of-state annual salary; broad source has mixed years/exchange rates.","","assets/final_portraits_3x4/088_TJK_Emomali-Rahmon.jpg","https://commons.wikimedia.org/wiki/File:Emomali_Rahmon_on_December_22%2C_2025_%28cropped%29.jpg","CC BY 4.0","Cabinet Public Relations Office of the Cabinet Secretariat","Summit Meetings with Leaders of Countries Participating in the Summit of the ""Central Asia plus Japan"" Dialogue (CA+JAD) (2) (The Prime Minister in Action) | Prime Minister's Office of Japan","738","954","FACTCHECK: salary retained as approximate; official/current source not fully verified"
"89","Sweden","Швеция","SWE","10604616","31 Mar 2026","Monthly national estimate","Carl XVI Gustaf of Sweden","Карл XVI Густав","Q45068","Monarch / head of state; no president","head_state","production estimate, USD monthly equivalent","192000","$192,000","Not used: source appears to describe royal grant/privy purse/allowance or an unverified outlier, not personal monthly salary.","$16,000","16000","royal_allowance_estimate","estimated","https://en.wikipedia.org/wiki/List_of_heads_of_state_and_government_salaries","Production estimate for royal allowance/support; not a conventional salary.","","assets/final_portraits_3x4/089_SWE_Carl-XVI-Gustaf-of-Sweden.jpg","https://commons.wikimedia.org/wiki/File:06.11.2025_%E2%80%93_Recep%C3%A7%C3%A3o_Oficial_dos_Chefes_de_Delega%C3%A7%C3%A3o_da_C%C3%BApula_do_Clima_%2854906269035%29_%28Carlos_XVI_Gustavo%29.jpg","CC BY-SA 4.0","Lula Oficial","06.11.2025 – Recepção Oficial dos Chefes de Delegação da Cúpula do Clima","600","800","FACTCHECK: monarchy/royal allocation is not treated as president salary | PRODUCTION_FILL: no N/A; realistic display estimate, not fully verified official payroll"
"90","Greece","Греция","GRC","10372335","1 Jan 2025","Official estimate","Konstantinos Tasoulas","Константинос Тасулас","Q20995518","Head of state / president where applicable","head_state","154,739 USD (President)","154739","$154,739","Monthly equivalent = annual approximate salary divided by 12; benefits and allowances excluded unless salary basis says otherwise.","$12,895","12895","aggregate_salary_table_needs_official_confirmation","low","https://en.wikipedia.org/wiki/List_of_heads_of_state_and_government_salaries","Approximate head-of-state annual salary; broad source has mixed years/exchange rates.","","assets/final_portraits_3x4/090_GRC_Konstantinos-Tasoulas.jpg","http://commons.wikimedia.org/wiki/Special:FilePath/KonstantinosTasoulas.jpg","","","","","","FACTCHECK: salary retained as approximate; official/current source not fully verified"
"91","Azerbaijan","Азербайджан","AZE","10259701","1 Dec 2025","Monthly national estimate","Ilham Aliyev","Ильхам Гейдарович Алиев","Q57371","Head of state / president where applicable","head_state","₼180,000 (President)","110000","$110,000","Monthly equivalent = annual approximate salary divided by 12; benefits and allowances excluded unless salary basis says otherwise.","$9,167","9167","verified_usd_column_from_salary_table","medium","https://en.wikipedia.org/wiki/List_of_heads_of_state_and_government_salaries","Approximate head-of-state annual salary; broad source has mixed years/exchange rates.","","assets/final_portraits_3x4/091_AZE_Ilham-Aliyev.jpg","http://commons.wikimedia.org/wiki/Special:FilePath/Ilham%20Aliyev%2C%20December%202025%20%28cropped%29.jpg","","","","","","FACTCHECK: salary retained as approximate; official/current source not fully verified"
"92","Israel","Израиль","ISR","10244000","21 Apr 2026","Monthly national estimate","Isaac Herzog","Ицхак Герцог","Q983258","Head of state / president where applicable","head_state","173,000 USD (President)","173000","$173,000","Monthly equivalent = annual approximate salary divided by 12; benefits and allowances excluded unless salary basis says otherwise.","$14,417","14417","aggregate_salary_table_needs_official_confirmation","low","https://en.wikipedia.org/wiki/List_of_heads_of_state_and_government_salaries","Approximate head-of-state annual salary; broad source has mixed years/exchange rates.","","assets/final_portraits_3x4/092_ISR_Isaac-Herzog.jpg","http://commons.wikimedia.org/wiki/Special:FilePath/Israeli%20President%20Isaac%20Herzog%20in%202024%20%28cropped%29.jpg","","","","","","FACTCHECK: salary retained as approximate; official/current source not fully verified"
"93","Papua New Guinea","Папуа — Новая Гвинея","PNG","10185363","16 Jun 2024","2024 census result","Bob Dadae","Bob Dadae","Q4934027","Governor-General of Papua New Guinea / representative of the monarch","representative_head_state","production estimate, USD monthly equivalent","56244","$56,244","Monthly equivalent = annual approximate salary divided by 12; benefits and allowances excluded unless salary basis says otherwise.","$4,687","4687","governor_general_equivalent_estimate","estimated","https://www.cia.gov/resources/world-leaders/foreign-governments/papua-new-guinea","Papua New Guinea is a constitutional monarchy; display uses a Governor-General/head-of-state representative equivalent estimate.","059_PNG_Bob-Dadae.jpg","059_PNG_Bob-Dadae.jpg","https://commons.wikimedia.org/wiki/File:Sir_Bob_Dadae_(cropped).jpg","Public domain","U.S. Embassy Port Moresby","U.S. Embassy Port Moresby","892","1330","FACTCHECK 2026-06-09: replaced Charles III with Bob Dadae because salary basis is governor-general equivalent."
"94","Honduras","Гондурас","HND","10186738","1 Jul 2026","National annual projection","Nasry Asfura","Насри Асфура","Q16146159","Head of state / president where applicable","head_state","49,908 USD (President)","49908","$49,908","Monthly equivalent = annual approximate salary divided by 12; benefits and allowances excluded unless salary basis says otherwise.","$4,159","4159","aggregate_salary_table_needs_official_confirmation","low","https://en.wikipedia.org/wiki/List_of_heads_of_state_and_government_salaries","Approximate head-of-state annual salary; broad source has mixed years/exchange rates.","","assets/final_portraits_3x4/094_HND_Nasry-Asfura.jpg","http://commons.wikimedia.org/wiki/Special:FilePath/Secretary%20Rubio%20Meets%20with%20Honduran%20President-Elect%20%2855037313932%29%20%28cropped%29.jpg","Public domain","U.S. Department of State","https://www.flickr.com/photos/statephotos/55037313932/","","","FACTCHECK: salary retained as approximate; official/current source not fully verified"
"95","Cuba","Куба","CUB","9748007","31 Dec 2024","Official estimate","Miguel Díaz-Canel","Мигель Диас-Канель","Q1932603","Head of state / president where applicable","head_state","production estimate, USD monthly equivalent","6000","$6,000","Monthly equivalent = annual approximate salary divided by 12; benefits and allowances excluded unless salary basis says otherwise.","$500","500","presidential_salary_estimate","estimated","https://www.cinenetworth.com/miguel-diaz-canel-net-worth/","Conservative production estimate for Cuban president; official salary not found.","","assets/final_portraits_3x4/095_CUB_Miguel-Díaz-Canel.jpg","http://commons.wikimedia.org/wiki/Special:FilePath/Miguel%20Diaz-Canel%20on%20July%207%2C%202025%20%28cropped%29.jpg","CC BY-SA 4.0","El divo de placetas","https://www.flickr.com/photos/157736962@N05/54639960176/","","","FACTCHECK: Previous source was very weak net-worth style source; no official salary found. | PRODUCTION_FILL: no N/A; realistic display estimate, not fully verified official payroll"
"96","Hungary","Венгрия","HUN","9489000","1 Jan 2026","Official estimate","Tamás Sulyok","Тамаш Шуйок","Q28599854","Head of state / president where applicable","head_state","250,800 USD (President)","250800","$250,800","Monthly equivalent = annual approximate salary divided by 12; benefits and allowances excluded unless salary basis says otherwise.","$20,900","20900","aggregate_salary_table_needs_official_confirmation","low","https://en.wikipedia.org/wiki/List_of_heads_of_state_and_government_salaries","Approximate head-of-state annual salary; broad source has mixed years/exchange rates.","","assets/final_portraits_3x4/096_HUN_Tamás-Sulyok.jpg","http://commons.wikimedia.org/wiki/Special:FilePath/Sulyok%20Tam%C3%A1s%20hivatalos%20portr%C3%A9ja%20%28cropped%29.jpg","CC BY-SA 4.0","Sándor Palota","Sándor Palota (Hungarian Government, Communication Dept.)","","","FACTCHECK: salary retained as approximate; official/current source not fully verified"
"97","Austria","Австрия","AUT","9220882","1 Apr 2026","National quarterly estimate","Alexander Van der Bellen","Александр Ван дер Беллен","Q78869","Head of state / president where applicable","head_state","US$378,666 (President)","378666","$378,666","Monthly equivalent = annual approximate salary divided by 12; benefits and allowances excluded unless salary basis says otherwise.","$31,556","31556","verified_usd_column_from_salary_table","medium","https://en.wikipedia.org/wiki/List_of_heads_of_state_and_government_salaries","Approximate head-of-state annual salary; broad source has mixed years/exchange rates.","","assets/final_portraits_3x4/097_AUT_Alexander-Van-der-Bellen.jpg","http://commons.wikimedia.org/wiki/Special:FilePath/Alexander%20Van%20der%20Bellen%20%2813-07-2021%29%20%28cropped%29.jpg","CC BY 4.0","Christophe Licoppe / European Commission","audiovisual.ec.europa.eu","","","FACTCHECK: salary retained as approximate; official/current source not fully verified"
"98","Switzerland","Швейцария","CHE","9139676","31 Mar 2026","National quarterly estimate","Guy Parmelin","Guy Parmelin","Q30917","President of the Swiss Confederation 2026; Federal Council is collective head of state","rotating_president_collective_head","CHF 520,166/year approx package","604000","$604,000","Monthly equivalent = annual approximate salary divided by 12; benefits and allowances excluded unless salary basis says otherwise.","$50,333","50333","official_salary_plus_allowances_current_fx_estimate","high","https://www.admin.ch/fr/conseil-federal-revenu-voiture-voyages","Swiss 2026 president: federal councillor income plus presidential allowance/expenses; USD approximate. Leader/office fact-checked 2026-06-09.","","assets/final_portraits_3x4/098_CHE_Guy-Parmelin.jpg","https://commons.wikimedia.org/wiki/File:Guy_Parmelin_(2026).jpg","see_source","see_source","see source URL","","","FACTCHECK: Use 2026 rotating president for a portrait; Federal Council remains collective head of state"
"99","Sierra Leone","Сьерра-Леоне","SLE","9077691","1 Jul 2025","National annual projection","Julius Maada Bio","Джулиус Маада Био","Q283829","Head of state / president where applicable","head_state","12,220 USD (President)","12220","$12,220","Monthly equivalent = annual approximate salary divided by 12; benefits and allowances excluded unless salary basis says otherwise.","$1,018","1018","aggregate_salary_table_needs_official_confirmation","low","https://en.wikipedia.org/wiki/List_of_heads_of_state_and_government_salaries","Approximate head-of-state annual salary; broad source has mixed years/exchange rates.","","assets/final_portraits_3x4/099_SLE_Julius-Maada-Bio.jpg","http://commons.wikimedia.org/wiki/Special:FilePath/Julius%20Maada%20Bio%20-%202023%20%28cropped%29.jpg","CC BY 4.0","European Commission","https://audiovisual.ec.europa.eu/en/photo/P-060230~2F00-01","","","FACTCHECK: salary retained as approximate; official/current source not fully verified"
"100","Belarus","Беларусь","BLR","9056080","1 Jan 2026","Official estimate","Alexander Lukashenka","Александр Григорьевич Лукашенко","Q2866","Head of state / president where applicable","head_state","33,600 USD (President)","33600","$33,600","Monthly equivalent = annual approximate salary divided by 12; benefits and allowances excluded unless salary basis says otherwise.","$2,800","2800","aggregate_salary_table_needs_official_confirmation","low","https://en.wikipedia.org/wiki/List_of_heads_of_state_and_government_salaries","Approximate head-of-state annual salary; broad source has mixed years/exchange rates.","","assets/final_portraits_3x4/100_BLR_Alexander-Lukashenka.jpg","https://commons.wikimedia.org/wiki/File:%D0%90%D0%BB%D0%B5%D0%BA%D1%81%D0%B0%D0%BD%D0%B4%D1%80_%D0%9B%D1%83%D0%BA%D0%B0%D1%88%D0%B5%D0%BD%D0%BA%D0%BE_%2813-04-2023%29_%28cropped%29.jpg","CC BY 4.0","Пресс-служба Раиса Республики Татарстан","Раис Республики Татарстан Рустам Минниханов встретился с Президентом Республики Беларусь Александром Лукашенко","1410","1881","FACTCHECK: salary retained as approximate; official/current source not fully verified"
